Año,Provincia,Ciclo_conbinado,Motor_Diesel,Turbina_Gas,Turbina_Vapor,Hidraulica,Nuclear,GeoTerm,Eolica,Solar,Potencia Total
1976,Capital Federal,0,2871,455000.0,2506500.0,0.0,0.0,0,0.0,0.0,2964371.0
1976,Buenos Aires,0,143556,157282.0,701800.0,264.0,370000.0,0,0.0,0.0,1372902.0
1976,Catamarca,0,16077,0.0,0.0,1902.0,0.0,0,0.0,0.0,17979.0
1976,Córdoba,0,72406,136000.0,99000.0,178703.0,0.0,0,0.0,0.0,486109.0
1976,Corrientes,0,41660,16000.0,15000.0,0.0,0.0,0,0.0,0.0,72660.0
1976,Chaco,0,29974,27500.0,30000.0,0.0,0.0,0,0.0,0.0,87474.0
1976,Chubut,0,20718,61000.0,51100.0,47070.0,0.0,0,0.0,0.0,179888.0
1976,Entre Ríos,0,46676,21800.0,19000.0,0.0,0.0,0,0.0,0.0,87476.0
1976,Formosa,0,25110,0.0,0.0,0.0,0.0,0,0.0,0.0,25110.0
1976,Jujuy,0,10279,26800.0,0.0,7400.0,0.0,0,0.0,0.0,44479.0
1976,La Pampa,0,29001,17000.0,0.0,0.0,0.0,0,0.0,0.0,46001.0
1976,La Rioja,0,28030,16000.0,0.0,930.0,0.0,0,0.0,0.0,44960.0
1976,Mendoza,0,21871,42660.0,120000.0,326648.0,0.0,0,0.0,0.0,511179.0
1976,Misiones,0,26979,17000.0,0.0,0.0,0.0,0,0.0,0.0,43979.0
1976,Neuquén,0,9071,17500.0,30000.0,1001005.0,0.0,0,0.0,0.0,1057576.0
1976,Rio Negro,0,26802,15400.0,0.0,20440.0,0.0,0,0.0,0.0,62642.0
1976,Salta,0,33286,32900.0,0.0,13466.0,0.0,0,0.0,0.0,79652.0
1976,San Juan,0,27427,31500.0,0.0,46232.0,0.0,0,0.0,0.0,105159.0
1976,San Luis,0,20417,0.0,10000.0,2547.0,0.0,0,0.0,0.0,32964.0
1976,Santa Cruz,0,21160,49200.0,21000.0,0.0,0.0,0,0.0,0.0,91360.0
1976,Santa Fé,0,77116,40500.0,136000.0,0.0,0.0,0,0.0,0.0,253616.0
1976,Santiago del Estero,0,21836,16000.0,0.0,17200.0,0.0,0,0.0,0.0,55036.0
1976,Tierra del Fuego,0,4256,272.0,0.0,350.0,0.0,0,0.0,0.0,4878.0
1976,Tucumán,0,11457,56600.0,30000.0,56497.0,0.0,0,0.0,0.0,154554.0
1977,Capital Federal,0,419000,2706.0,2443250.0,0.0,0.0,0,0.0,0.0,2864956.0
1977,Buenos Aires,0,157282,142598.0,694300.0,264.0,370000.0,0,0.0,0.0,1364444.0
1977,Catamarca,0,18000,16268.0,0.0,1902.0,0.0,0,0.0,0.0,36170.0
1977,Córdoba,0,136000,65027.0,174000.0,178703.0,0.0,0,0.0,0.0,553730.0
1977,Corrientes,0,16000,46443.0,15000.0,0.0,0.0,0,0.0,0.0,77443.0
1977,Chaco,0,27500,22754.0,45000.0,0.0,0.0,0,0.0,0.0,95254.0
1977,Chubut,0,61000,22018.0,51100.0,47070.0,0.0,0,0.0,0.0,181188.0
1977,Entre Ríos,0,37200,44272.0,19000.0,0.0,0.0,0,0.0,0.0,100472.0
1977,Formosa,0,0,25280.0,0.0,0.0,0.0,0,0.0,0.0,25280.0
1977,Jujuy,0,43800,9058.0,0.0,7400.0,0.0,0,0.0,0.0,60258.0
1977,La Pampa,0,17000,32389.0,0.0,0.0,0.0,0,0.0,0.0,49389.0
1977,La Rioja,0,16000,39084.0,0.0,930.0,0.0,0,0.0,0.0,56014.0
1977,Mendoza,0,42660,18502.0,120000.0,325578.0,0.0,0,0.0,0.0,506740.0
1977,Misiones,0,17000,27473.0,0.0,0.0,0.0,0,0.0,0.0,44473.0
1977,Neuquén,0,17500,9228.0,30000.0,1201005.0,0.0,0,0.0,0.0,1257733.0
1977,Rio Negro,0,18050,28441.0,0.0,20440.0,0.0,0,0.0,0.0,66931.0
1977,Salta,0,39300,30773.0,0.0,13466.0,0.0,0,0.0,0.0,83539.0
1977,San Juan,0,31500,27074.0,0.0,46232.0,0.0,0,0.0,0.0,104806.0
1977,San Luis,0,0,18303.0,10000.0,2547.0,0.0,0,0.0,0.0,30850.0
1977,Santa Cruz,0,49200,25897.0,0.0,0.0,0.0,0,0.0,0.0,75097.0
1977,Santa Fé,0,40500,81622.0,136000.0,0.0,0.0,0,0.0,0.0,258122.0
1977,Santiago del Estero,0,16000,22740.0,0.0,17200.0,0.0,0,0.0,0.0,55940.0
1977,Tierra del Fuego,0,272,5476.0,0.0,350.0,0.0,0,0.0,0.0,6098.0
1977,Tucumán,0,56600,9267.0,30000.0,56497.0,0.0,0,0.0,0.0,152364.0
1978,Capital Federal,0,404000,2706.0,2397000.0,0.0,0.0,0,0.0,0.0,2803706.0
1978,Buenos Aires,0,157282,146190.0,694300.0,264.0,370000.0,0,0.0,0.0,1368036.0
1978,Catamarca,0,18000,15626.0,0.0,1902.0,0.0,0,0.0,0.0,35528.0
1978,Córdoba,0,136000,59878.0,249000.0,178495.0,0.0,0,0.0,0.0,623373.0
1978,Corrientes,0,16000,50983.0,15000.0,0.0,0.0,0,0.0,0.0,81983.0
1978,Chaco,0,27500,31942.0,45000.0,0.0,0.0,0,0.0,0.0,104442.0
1978,Chubut,0,61000,22876.0,51100.0,495230.0,0.0,0,0.0,0.0,630206.0
1978,Entre Ríos,0,37200,40381.0,19000.0,0.0,0.0,0,0.0,0.0,96581.0
1978,Formosa,0,0,31491.0,0.0,0.0,0.0,0,0.0,0.0,31491.0
1978,Jujuy,0,67300,8680.0,0.0,7400.0,0.0,0,0.0,0.0,83380.0
1978,La Pampa,0,17000,34474.0,0.0,0.0,0.0,0,0.0,0.0,51474.0
1978,La Rioja,0,16000,39084.0,0.0,930.0,0.0,0,0.0,0.0,56014.0
1978,Mendoza,0,36640,5446.0,120000.0,325603.0,0.0,0,0.0,0.0,487689.0
1978,Misiones,0,40500,27473.0,0.0,640.0,0.0,0,0.0,0.0,68613.0
1978,Neuquén,0,17500,10116.0,30000.0,1651005.0,0.0,0,0.0,0.0,1708621.0
1978,Rio Negro,0,42000,28187.0,0.0,20440.0,0.0,0,0.0,0.0,90627.0
1978,Salta,0,39300,30063.0,0.0,115466.0,0.0,0,0.0,0.0,184829.0
1978,San Juan,0,31500,23024.0,0.0,46232.0,0.0,0,0.0,0.0,100756.0
1978,San Luis,0,0,19605.0,10000.0,2148.0,0.0,0,0.0,0.0,31753.0
1978,Santa Cruz,0,49200,27093.0,0.0,0.0,0.0,0,0.0,0.0,76293.0
1978,Santa Fé,0,40500,79052.0,136000.0,0.0,0.0,0,0.0,0.0,255552.0
1978,Santiago del Estero,0,32000,22979.0,0.0,17200.0,0.0,0,0.0,0.0,72179.0
1978,Tierra del Fuego,0,272,4476.0,0.0,350.0,0.0,0,0.0,0.0,5098.0
1978,Tucumán,0,80100,0.0,55000.0,56497.0,0.0,0,0.0,0.0,191597.0
1979,Capital Federal,0,404000,2706.0,2397000.0,0.0,0.0,0,0.0,0.0,2803706.0
1979,Buenos Aires,0,157282,146190.0,694300.0,264.0,370000.0,0,0.0,0.0,1368036.0
1979,Catamarca,0,18000,15626.0,0.0,1902.0,0.0,0,0.0,0.0,35528.0
1979,Córdoba,0,136000,59878.0,249000.0,178495.0,0.0,0,0.0,0.0,623373.0
1979,Corrientes,0,16000,50983.0,15000.0,0.0,0.0,0,0.0,0.0,81983.0
1979,Chaco,0,27500,31942.0,45000.0,0.0,0.0,0,0.0,0.0,104442.0
1979,Chubut,0,61000,22876.0,51100.0,495230.0,0.0,0,0.0,0.0,630206.0
1979,Entre Ríos,0,37200,40381.0,19000.0,0.0,0.0,0,0.0,0.0,96581.0
1979,Formosa,0,0,31491.0,0.0,0.0,0.0,0,0.0,0.0,31491.0
1979,Jujuy,0,67300,8680.0,0.0,7400.0,0.0,0,0.0,0.0,83380.0
1979,La Pampa,0,17000,34474.0,0.0,0.0,0.0,0,0.0,0.0,51474.0
1979,La Rioja,0,16000,39084.0,0.0,930.0,0.0,0,0.0,0.0,56014.0
1979,Mendoza,0,36640,5446.0,120000.0,325603.0,0.0,0,0.0,0.0,487689.0
1979,Misiones,0,40500,27473.0,0.0,640.0,0.0,0,0.0,0.0,68613.0
1979,Neuquén,0,17500,10116.0,30000.0,1651005.0,0.0,0,0.0,0.0,1708621.0
1979,Rio Negro,0,42000,28187.0,0.0,20440.0,0.0,0,0.0,0.0,90627.0
1979,Salta,0,39300,30063.0,0.0,115466.0,0.0,0,0.0,0.0,184829.0
1979,San Juan,0,31500,23024.0,0.0,46232.0,0.0,0,0.0,0.0,100756.0
1979,San Luis,0,0,19605.0,10000.0,2148.0,0.0,0,0.0,0.0,31753.0
1979,Santa Cruz,0,49200,27093.0,0.0,0.0,0.0,0,0.0,0.0,76293.0
1979,Santa Fé,0,40500,79052.0,136000.0,0.0,0.0,0,0.0,0.0,255552.0
1979,Santiago del Estero,0,32000,22979.0,0.0,17200.0,0.0,0,0.0,0.0,72179.0
1979,Tierra del Fuego,0,272,4476.0,0.0,350.0,0.0,0,0.0,0.0,5098.0
1979,Tucumán,0,80100,9202.0,55000.0,56497.0,0.0,0,0.0,0.0,200799.0
1980,Capital Federal,0,404000,2798.0,2403000.0,0.0,0.0,0,0.0,0.0,2809798.0
1980,Buenos Aires,0,157282,137842.0,686000.0,264.0,370000.0,0,0.0,0.0,1351388.0
1980,Catamarca,0,18000,17352.0,0.0,1902.0,0.0,0,0.0,0.0,37254.0
1980,Córdoba,0,136000,47543.0,249000.0,178495.0,0.0,0,0.0,0.0,611038.0
1980,Corrientes,0,45650,57624.0,15000.0,0.0,0.0,0,0.0,0.0,118274.0
1980,Chaco,0,43500,34991.0,45000.0,0.0,0.0,0,0.0,0.0,123491.0
1980,Chubut,0,61000,22689.0,51100.0,494880.0,0.0,0,0.0,0.0,629669.0
1980,Entre Ríos,0,37200,33658.0,22400.0,672000.0,0.0,0,0.0,0.0,765258.0
1980,Formosa,0,7400,35552.0,0.0,0.0,0.0,0,0.0,0.0,42952.0
1980,Jujuy,0,67300,9666.0,0.0,7407.0,0.0,0,0.0,0.0,84373.0
1980,La Pampa,0,17000,27182.0,0.0,10000.0,0.0,0,0.0,0.0,54182.0
1980,La Rioja,0,32000,46809.0,0.0,345.0,0.0,0,0.0,0.0,79154.0
1980,Mendoza,0,94240,4604.0,120000.0,325603.0,0.0,0,0.0,0.0,544447.0
1980,Misiones,0,40500,27648.0,0.0,1280.0,0.0,0,0.0,0.0,69428.0
1980,Neuquén,0,17500,13412.0,30000.0,1651002.0,0.0,0,0.0,0.0,1711914.0
1980,Rio Negro,0,49450,35592.0,0.0,20280.0,0.0,0,0.0,0.0,105322.0
1980,Salta,0,51450,28317.0,0.0,115466.0,0.0,0,0.0,0.0,195233.0
1980,San Juan,0,31500,23556.0,0.0,46232.0,0.0,0,0.0,0.0,101288.0
1980,San Luis,0,0,19603.0,10000.0,2048.0,0.0,0,0.0,0.0,31651.0
1980,Santa Cruz,0,49200,26133.0,0.0,0.0,0.0,0,0.0,0.0,75333.0
1980,Santa Fé,0,41920,92603.0,106000.0,0.0,0.0,0,0.0,0.0,240523.0
1980,Santiago del Estero,0,32000,21626.0,0.0,17200.0,0.0,0,0.0,0.0,70826.0
1980,Tierra del Fuego,0,272,6476.0,0.0,350.0,0.0,0,0.0,0.0,7098.0
1980,Tucumán,0,80100,9422.0,80000.0,56497.0,0.0,0,0.0,0.0,226019.0
1981,Capital Federal,0,4000,404000.0,2403000.0,0.0,0.0,0,0.0,0.0,2811000.0
1981,Buenos Aires,0,138000,157000.0,676000.0,0.0,370000.0,0,0.0,0.0,1341000.0
1981,Catamarca,0,16000,18000.0,0.0,2000.0,0.0,0,0.0,0.0,36000.0
1981,Córdoba,0,38000,274000.0,249000.0,178000.0,0.0,0,0.0,0.0,739000.0
1981,Corrientes,0,56000,63000.0,15000.0,0.0,0.0,0,0.0,0.0,134000.0
1981,Chaco,0,32000,61000.0,45000.0,0.0,0.0,0,0.0,0.0,138000.0
1981,Chubut,0,26000,61000.0,47000.0,495000.0,0.0,0,0.0,0.0,629000.0
1981,Entre Ríos,0,36000,37000.0,22000.0,1569000.0,0.0,0,0.0,0.0,1664000.0
1981,Formosa,0,36000,23000.0,0.0,0.0,0.0,0,0.0,0.0,59000.0
1981,Jujuy,0,6000,67000.0,0.0,7000.0,0.0,0,0.0,0.0,80000.0
1981,La Pampa,0,26000,17000.0,0.0,10000.0,0.0,0,0.0,0.0,53000.0
1981,La Rioja,0,46000,32000.0,0.0,0.0,0.0,0,0.0,0.0,78000.0
1981,Mendoza,0,2000,122000.0,120000.0,456000.0,0.0,0,0.0,0.0,700000.0
1981,Misiones,0,37000,63000.0,0.0,1000.0,0.0,0,0.0,0.0,101000.0
1981,Neuquén,0,14000,18000.0,30000.0,1651000.0,0.0,0,0.0,0.0,1713000.0
1981,Rio Negro,0,36000,58000.0,0.0,20000.0,0.0,0,0.0,0.0,114000.0
1981,Salta,0,28000,51000.0,0.0,115000.0,0.0,0,0.0,0.0,194000.0
1981,San Juan,0,25000,32000.0,0.0,46000.0,0.0,0,0.0,0.0,103000.0
1981,San Luis,0,17000,0.0,10000.0,2000.0,0.0,0,0.0,0.0,29000.0
1981,Santa Cruz,0,37000,54000.0,0.0,0.0,0.0,0,0.0,0.0,91000.0
1981,Santa Fé,0,98000,42000.0,266000.0,0.0,0.0,0,0.0,0.0,406000.0
1981,Santiago del Estero,0,22000,32000.0,0.0,17000.0,0.0,0,0.0,0.0,71000.0
1981,Tierra del Fuego,0,10000,6000.0,0.0,0.0,0.0,0,0.0,0.0,16000.0
1981,Tucumán,0,10000,80000.0,80000.0,56000.0,0.0,0,0.0,0.0,226000.0
1982,Capital Federal,0,4000,404000.0,2403000.0,0.0,0.0,0,0.0,0.0,2811000.0
1982,Buenos Aires,0,132000,157000.0,676000.0,0.0,370000.0,0,0.0,0.0,1335000.0
1982,Catamarca,0,16000,18000.0,0.0,2000.0,0.0,0,0.0,0.0,36000.0
1982,Córdoba,0,38000,274000.0,249000.0,178000.0,0.0,0,0.0,0.0,739000.0
1982,Corrientes,0,56000,63000.0,15000.0,0.0,0.0,0,0.0,0.0,134000.0
1982,Chaco,0,32000,61000.0,45000.0,0.0,0.0,0,0.0,0.0,138000.0
1982,Chubut,0,26000,61000.0,47000.0,495000.0,0.0,0,0.0,0.0,629000.0
1982,Entre Ríos,0,36000,37000.0,22000.0,1569000.0,0.0,0,0.0,0.0,1664000.0
1982,Formosa,0,36000,23000.0,0.0,0.0,0.0,0,0.0,0.0,59000.0
1982,Jujuy,0,6000,67000.0,0.0,7000.0,0.0,0,0.0,0.0,80000.0
1982,La Pampa,0,26000,17000.0,0.0,10000.0,0.0,0,0.0,0.0,53000.0
1982,La Rioja,0,46000,32000.0,0.0,0.0,0.0,0,0.0,0.0,78000.0
1982,Mendoza,0,2000,122000.0,120000.0,456000.0,0.0,0,0.0,0.0,700000.0
1982,Misiones,0,37000,63000.0,0.0,1000.0,0.0,0,0.0,0.0,101000.0
1982,Neuquén,0,14000,18000.0,30000.0,1651000.0,0.0,0,0.0,0.0,1713000.0
1982,Rio Negro,0,36000,58000.0,0.0,20000.0,0.0,0,0.0,0.0,114000.0
1982,Salta,0,28000,51000.0,0.0,115000.0,0.0,0,0.0,0.0,194000.0
1982,San Juan,0,25000,32000.0,0.0,46000.0,0.0,0,0.0,0.0,103000.0
1982,San Luis,0,17000,0.0,10000.0,2000.0,0.0,0,0.0,0.0,29000.0
1982,Santa Cruz,0,37000,54000.0,0.0,0.0,0.0,0,0.0,0.0,91000.0
1982,Santa Fé,0,98000,42000.0,266000.0,0.0,0.0,0,0.0,0.0,406000.0
1982,Santiago del Estero,0,22000,32000.0,0.0,17000.0,0.0,0,0.0,0.0,71000.0
1982,Tierra del Fuego,0,10000,6000.0,0.0,0.0,0.0,0,0.0,0.0,16000.0
1982,Tucumán,0,10000,80000.0,80000.0,56000.0,0.0,0,0.0,0.0,226000.0
1983,Capital Federal,0,3000,404000.0,2246000.0,0.0,0.0,0,0.0,0.0,2653000.0
1983,Buenos Aires,0,124000,157000.0,1026000.0,0.0,370000.0,0,0.0,0.0,1677000.0
1983,Catamarca,0,17000,18000.0,0.0,2000.0,0.0,0,0.0,0.0,37000.0
1983,Córdoba,0,35000,344000.0,249000.0,178000.0,648000.0,0,0.0,0.0,1454000.0
1983,Corrientes,0,54000,80000.0,15000.0,0.0,0.0,0,0.0,0.0,149000.0
1983,Chaco,0,34000,61000.0,45000.0,0.0,0.0,0,0.0,0.0,140000.0
1983,Chubut,0,26000,79000.0,47000.0,495000.0,0.0,0,0.0,0.0,647000.0
1983,Entre Ríos,0,33000,15000.0,22000.0,1569000.0,0.0,0,0.0,0.0,1639000.0
1983,Formosa,0,37000,23000.0,0.0,0.0,0.0,0,0.0,0.0,60000.0
1983,Jujuy,0,6000,67000.0,0.0,7000.0,0.0,0,0.0,0.0,80000.0
1983,La Pampa,0,22000,17000.0,0.0,10000.0,0.0,0,0.0,0.0,49000.0
1983,La Rioja,0,46000,32000.0,0.0,0.0,0.0,0,0.0,0.0,78000.0
1983,Mendoza,0,4000,122000.0,245000.0,568000.0,0.0,0,0.0,0.0,939000.0
1983,Misiones,0,38000,88000.0,0.0,1000.0,0.0,0,0.0,0.0,127000.0
1983,Neuquén,0,12000,18000.0,30000.0,1732000.0,0.0,0,0.0,0.0,1792000.0
1983,Rio Negro,0,39000,76000.0,0.0,20000.0,0.0,0,0.0,0.0,135000.0
1983,Salta,0,30000,51000.0,120000.0,115000.0,0.0,0,0.0,0.0,316000.0
1983,San Juan,0,25000,32000.0,0.0,46000.0,0.0,0,0.0,0.0,103000.0
1983,San Luis,0,17000,0.0,10000.0,2000.0,0.0,0,0.0,0.0,29000.0
1983,Santa Cruz,0,37000,54000.0,0.0,0.0,0.0,0,0.0,0.0,91000.0
1983,Santa Fé,0,93000,42000.0,266000.0,0.0,0.0,0,0.0,0.0,401000.0
1983,Santiago del Estero,0,22000,32000.0,0.0,17000.0,0.0,0,0.0,0.0,71000.0
1983,Tierra del Fuego,0,11000,6000.0,0.0,0.0,0.0,0,0.0,0.0,17000.0
1983,Tucumán,0,1000,80000.0,80000.0,51000.0,0.0,0,0.0,0.0,212000.0
1984,Capital Federal,0,3000,404000.0,2055000.0,0.0,0.0,0,0.0,0.0,2462000.0
1984,Buenos Aires,0,107000,207000.0,1026000.0,0.0,370000.0,0,0.0,0.0,1710000.0
1984,Catamarca,0,14000,18000.0,0.0,2000.0,0.0,0,0.0,0.0,34000.0
1984,Córdoba,0,32000,344000.0,249000.0,178000.0,648000.0,0,0.0,0.0,1451000.0
1984,Corrientes,0,54000,80000.0,15000.0,0.0,0.0,0,0.0,0.0,149000.0
1984,Chaco,0,36000,76000.0,45000.0,0.0,0.0,0,0.0,0.0,157000.0
1984,Chubut,0,27000,79000.0,47000.0,495000.0,0.0,0,0.0,0.0,648000.0
1984,Entre Ríos,0,30000,15000.0,22000.0,1569000.0,0.0,0,0.0,0.0,1636000.0
1984,Formosa,0,37000,23000.0,0.0,0.0,0.0,0,0.0,0.0,60000.0
1984,Jujuy,0,6000,67000.0,0.0,7000.0,0.0,0,0.0,0.0,80000.0
1984,La Pampa,0,18000,17000.0,0.0,10000.0,0.0,0,0.0,0.0,45000.0
1984,La Rioja,0,47000,32000.0,0.0,0.0,0.0,0,0.0,0.0,79000.0
1984,Mendoza,0,4000,150000.0,245000.0,568000.0,0.0,0,0.0,0.0,967000.0
1984,Misiones,0,39000,88000.0,22000.0,1000.0,0.0,0,0.0,0.0,150000.0
1984,Neuquén,0,15000,18000.0,30000.0,2272000.0,0.0,0,0.0,0.0,2335000.0
1984,Rio Negro,0,38000,74000.0,0.0,20000.0,0.0,0,0.0,0.0,132000.0
1984,Salta,0,30000,51000.0,120000.0,115000.0,0.0,0,0.0,0.0,316000.0
1984,San Juan,0,15000,32000.0,0.0,46000.0,0.0,0,0.0,0.0,93000.0
1984,San Luis,0,17000,0.0,10000.0,2000.0,0.0,0,0.0,0.0,29000.0
1984,Santa Cruz,0,37000,54000.0,0.0,0.0,0.0,0,0.0,0.0,91000.0
1984,Santa Fé,0,93000,23000.0,266000.0,0.0,0.0,0,0.0,0.0,382000.0
1984,Santiago del Estero,0,22000,47000.0,0.0,17000.0,0.0,0,0.0,0.0,86000.0
1984,Tierra del Fuego,0,10000,6000.0,0.0,0.0,0.0,0,0.0,0.0,16000.0
1984,Tucumán,0,2000,79000.0,80000.0,51000.0,0.0,0,0.0,0.0,212000.0
1985,Capital Federal,0,3000,333000.0,2209000.0,0.0,0.0,0,0.0,0.0,2545000.0
1985,Buenos Aires,0,103000,207000.0,1026000.0,0.0,370000.0,0,0.0,0.0,1706000.0
1985,Catamarca,0,14000,18000.0,0.0,2000.0,0.0,0,0.0,0.0,34000.0
1985,Córdoba,0,33000,345000.0,249000.0,178000.0,648000.0,0,0.0,0.0,1453000.0
1985,Corrientes,0,55000,80000.0,15000.0,0.0,0.0,0,0.0,0.0,150000.0
1985,Chaco,0,32000,76000.0,45000.0,0.0,0.0,0,0.0,0.0,153000.0
1985,Chubut,0,28000,79000.0,47000.0,495000.0,0.0,0,0.0,0.0,649000.0
1985,Entre Ríos,0,31000,15000.0,22000.0,1569000.0,0.0,0,0.0,0.0,1637000.0
1985,Formosa,0,38000,23000.0,0.0,0.0,0.0,0,0.0,0.0,61000.0
1985,Jujuy,0,6000,67000.0,0.0,7000.0,0.0,0,0.0,0.0,80000.0
1985,La Pampa,0,15000,17000.0,0.0,10000.0,0.0,0,0.0,0.0,42000.0
1985,La Rioja,0,46000,32000.0,0.0,0.0,0.0,0,0.0,0.0,78000.0
1985,Mendoza,0,4000,150000.0,245000.0,680000.0,0.0,0,0.0,0.0,1079000.0
1985,Misiones,0,40000,88000.0,22000.0,1000.0,0.0,0,0.0,0.0,151000.0
1985,Neuquén,0,15000,18000.0,30000.0,2772000.0,0.0,0,0.0,0.0,2835000.0
1985,Rio Negro,0,36000,74000.0,0.0,20000.0,0.0,0,0.0,0.0,130000.0
1985,Salta,0,26000,51000.0,120000.0,115000.0,0.0,0,0.0,0.0,312000.0
1985,San Juan,0,15000,32000.0,0.0,46000.0,0.0,0,0.0,0.0,93000.0
1985,San Luis,0,17000,0.0,10000.0,2000.0,0.0,0,0.0,0.0,29000.0
1985,Santa Cruz,0,37000,54000.0,0.0,0.0,0.0,0,0.0,0.0,91000.0
1985,Santa Fé,0,96000,5000.0,266000.0,0.0,0.0,0,0.0,0.0,367000.0
1985,Santiago del Estero,0,21000,47000.0,0.0,17000.0,0.0,0,0.0,0.0,85000.0
1985,Tierra del Fuego,0,12000,6000.0,0.0,0.0,0.0,0,0.0,0.0,18000.0
1985,Tucumán,0,2000,79000.0,80000.0,51000.0,0.0,0,0.0,0.0,212000.0
1986,Capital Federal,0,3000,331000.0,2209000.0,0.0,0.0,0,0.0,0.0,2543000.0
1986,Buenos Aires,0,99000,210000.0,1026000.0,0.0,370000.0,0,0.0,0.0,1705000.0
1986,Catamarca,0,13000,18000.0,0.0,2000.0,0.0,0,0.0,0.0,33000.0
1986,Córdoba,0,30000,345000.0,249000.0,553000.0,648000.0,0,0.0,0.0,1825000.0
1986,Corrientes,0,55000,96000.0,15000.0,0.0,0.0,0,0.0,0.0,166000.0
1986,Chaco,0,35000,93000.0,45000.0,0.0,0.0,0,0.0,0.0,173000.0
1986,Chubut,0,25000,100000.0,47000.0,495000.0,0.0,0,0.0,0.0,667000.0
1986,Entre Ríos,0,31000,15000.0,22000.0,1418000.0,0.0,0,0.0,0.0,1486000.0
1986,Formosa,0,39000,23000.0,0.0,0.0,0.0,0,0.0,0.0,62000.0
1986,Jujuy,0,5000,67000.0,0.0,7000.0,0.0,0,0.0,0.0,79000.0
1986,La Pampa,0,16000,17000.0,0.0,10000.0,0.0,0,0.0,0.0,43000.0
1986,La Rioja,0,47000,32000.0,0.0,0.0,0.0,0,0.0,0.0,79000.0
1986,Mendoza,0,4000,150000.0,245000.0,680000.0,0.0,0,0.0,0.0,1079000.0
1986,Misiones,70000,39000,39000.0,0.0,1000.0,0.0,0,0.0,0.0,149000.0
1986,Neuquén,0,11000,18000.0,30000.0,2772000.0,0.0,0,0.0,0.0,2831000.0
1986,Rio Negro,0,34000,77000.0,0.0,20000.0,0.0,0,0.0,0.0,131000.0
1986,Salta,0,26000,51000.0,120000.0,116000.0,0.0,0,0.0,0.0,313000.0
1986,San Juan,0,15000,32000.0,0.0,46000.0,0.0,0,0.0,0.0,93000.0
1986,San Luis,0,14000,0.0,10000.0,2000.0,0.0,0,0.0,0.0,26000.0
1986,Santa Cruz,0,42000,54000.0,0.0,0.0,0.0,0,0.0,0.0,96000.0
1986,Santa Fé,0,95000,5000.0,266000.0,0.0,0.0,0,0.0,0.0,366000.0
1986,Santiago del Estero,0,24000,47000.0,0.0,17000.0,0.0,0,0.0,0.0,88000.0
1986,Tierra del Fuego,0,15000,23000.0,0.0,0.0,0.0,0,0.0,0.0,38000.0
1986,Tucumán,0,2000,80000.0,80000.0,53000.0,0.0,0,0.0,0.0,215000.0
1987,Capital Federal,0,3000,331000.0,2209000.0,0.0,0.0,0,0.0,0.0,2543000.0
1987,Buenos Aires,0,97000,210000.0,1026000.0,0.0,370000.0,0,0.0,0.0,1703000.0
1987,Catamarca,0,15000,18000.0,0.0,2000.0,0.0,0,0.0,0.0,35000.0
1987,Córdoba,0,25000,345000.0,249000.0,928000.0,648000.0,0,0.0,0.0,2195000.0
1987,Corrientes,0,54000,96000.0,15000.0,0.0,0.0,0,0.0,0.0,165000.0
1987,Chaco,0,30000,93000.0,45000.0,0.0,0.0,0,0.0,0.0,168000.0
1987,Chubut,0,26000,121000.0,47000.0,495000.0,0.0,0,0.0,0.0,689000.0
1987,Entre Ríos,0,23000,15000.0,22000.0,1418000.0,0.0,0,0.0,0.0,1478000.0
1987,Formosa,0,38000,23000.0,0.0,0.0,0.0,0,0.0,0.0,61000.0
1987,Jujuy,0,5000,67000.0,0.0,7000.0,0.0,0,0.0,0.0,79000.0
1987,La Pampa,0,14000,17000.0,0.0,10000.0,0.0,0,0.0,0.0,41000.0
1987,La Rioja,0,43000,32000.0,0.0,0.0,0.0,0,0.0,0.0,75000.0
1987,Mendoza,89000,4000,92000.0,245000.0,680000.0,0.0,0,0.0,0.0,1110000.0
1987,Misiones,70000,41000,39000.0,0.0,1000.0,0.0,0,0.0,0.0,151000.0
1987,Neuquén,0,11000,18000.0,30000.0,2772000.0,0.0,0,0.0,0.0,2831000.0
1987,Rio Negro,0,36000,77000.0,0.0,20000.0,0.0,0,0.0,0.0,133000.0
1987,Salta,0,26000,51000.0,120000.0,116000.0,0.0,0,0.0,0.0,313000.0
1987,San Juan,0,15000,32000.0,0.0,46000.0,0.0,0,0.0,0.0,93000.0
1987,San Luis,0,17000,0.0,0.0,2000.0,0.0,0,0.0,0.0,19000.0
1987,Santa Cruz,0,42000,54000.0,0.0,0.0,0.0,0,0.0,0.0,96000.0
1987,Santa Fé,0,85000,5000.0,266000.0,0.0,0.0,0,0.0,0.0,356000.0
1987,Santiago del Estero,0,21000,47000.0,0.0,17000.0,0.0,0,0.0,0.0,85000.0
1987,Tierra del Fuego,0,15000,40000.0,0.0,0.0,0.0,0,0.0,0.0,55000.0
1987,Tucumán,0,2000,80000.0,80000.0,53000.0,0.0,0,0.0,0.0,215000.0
1988,Capital Federal,0,3000,277000.0,2269000.0,0.0,0.0,0,0.0,0.0,2549000.0
1988,Buenos Aires,0,104000,210000.0,1026000.0,0.0,370000.0,0,0.0,0.0,1710000.0
1988,Catamarca,0,15000,18000.0,0.0,2000.0,0.0,0,0.0,0.0,35000.0
1988,Córdoba,0,21000,345000.0,249000.0,928000.0,648000.0,0,0.0,0.0,2191000.0
1988,Corrientes,0,51000,120000.0,0.0,0.0,0.0,0,0.0,0.0,171000.0
1988,Chaco,0,33000,93000.0,45000.0,0.0,0.0,0,0.0,0.0,171000.0
1988,Chubut,0,26000,177000.0,47000.0,495000.0,0.0,0,0.0,0.0,745000.0
1988,Entre Ríos,0,23000,15000.0,22000.0,1418000.0,0.0,0,0.0,0.0,1478000.0
1988,Formosa,0,38000,23000.0,0.0,0.0,0.0,0,0.0,0.0,61000.0
1988,Jujuy,0,5000,67000.0,0.0,7000.0,0.0,0,0.0,0.0,79000.0
1988,La Pampa,0,14000,17000.0,0.0,10000.0,0.0,0,0.0,0.0,41000.0
1988,La Rioja,0,40000,32000.0,0.0,0.0,0.0,0,0.0,0.0,72000.0
1988,Mendoza,89000,5000,37000.0,245000.0,680000.0,0.0,0,0.0,0.0,1056000.0
1988,Misiones,70000,41000,39000.0,0.0,1000.0,0.0,0,0.0,0.0,151000.0
1988,Neuquén,0,11000,18000.0,30000.0,2771000.0,0.0,0,0.0,0.0,2830000.0
1988,Rio Negro,0,39000,59000.0,0.0,20000.0,0.0,0,0.0,0.0,118000.0
1988,Salta,0,24000,35000.0,120000.0,116000.0,0.0,0,0.0,0.0,295000.0
1988,San Juan,0,15000,32000.0,0.0,46000.0,0.0,0,0.0,0.0,93000.0
1988,San Luis,0,16000,0.0,0.0,2000.0,0.0,0,0.0,0.0,18000.0
1988,Santa Cruz,0,42000,69000.0,0.0,0.0,0.0,0,0.0,0.0,111000.0
1988,Santa Fé,0,82000,5000.0,266000.0,0.0,0.0,0,0.0,0.0,353000.0
1988,Santiago del Estero,0,22000,47000.0,0.0,17000.0,0.0,0,0.0,0.0,86000.0
1988,Tierra del Fuego,0,14000,40000.0,0.0,0.0,0.0,0,0.0,0.0,54000.0
1988,Tucumán,0,2000,56000.0,80000.0,53000.0,0.0,0,0.0,0.0,191000.0
1989,Capital Federal,0,3000,399000.0,2302000.0,0.0,0.0,0,0.0,0.0,2704000.0
1989,Buenos Aires,0,104000,260000.0,1326000.0,0.0,370000.0,0,0.0,0.0,2060000.0
1989,Catamarca,0,15000,18000.0,0.0,2000.0,0.0,0,0.0,0.0,35000.0
1989,Córdoba,0,21000,345000.0,249000.0,929000.0,648000.0,0,0.0,0.0,2192000.0
1989,Corrientes,0,51000,120000.0,0.0,0.0,0.0,0,0.0,0.0,171000.0
1989,Chaco,0,33000,93000.0,45000.0,0.0,0.0,0,0.0,0.0,171000.0
1989,Chubut,0,26000,177000.0,0.0,495000.0,0.0,0,0.0,0.0,698000.0
1989,Entre Ríos,0,23000,15000.0,22000.0,1260000.0,0.0,0,0.0,0.0,1320000.0
1989,Formosa,0,38000,0.0,0.0,0.0,0.0,0,0.0,0.0,38000.0
1989,Jujuy,0,5000,67000.0,0.0,7000.0,0.0,0,0.0,0.0,79000.0
1989,La Pampa,0,14000,17000.0,0.0,10000.0,0.0,0,0.0,0.0,41000.0
1989,La Rioja,0,40000,32000.0,0.0,0.0,0.0,0,0.0,0.0,72000.0
1989,Mendoza,89000,5000,87000.0,245000.0,694000.0,0.0,0,0.0,0.0,1120000.0
1989,Misiones,70000,41000,75000.0,0.0,1000.0,0.0,0,0.0,0.0,187000.0
1989,Neuquén,0,11000,18000.0,30000.0,2771000.0,0.0,0,0.0,0.0,2830000.0
1989,Rio Negro,0,39000,59000.0,0.0,20000.0,0.0,0,0.0,0.0,118000.0
1989,Salta,0,24000,35000.0,120000.0,116000.0,0.0,0,0.0,0.0,295000.0
1989,San Juan,0,15000,32000.0,0.0,89000.0,0.0,0,0.0,0.0,136000.0
1989,San Luis,0,16000,0.0,0.0,2000.0,0.0,0,0.0,0.0,18000.0
1989,Santa Cruz,0,42000,69000.0,0.0,0.0,0.0,0,0.0,0.0,111000.0
1989,Santa Fé,0,82000,44000.0,266000.0,0.0,0.0,0,0.0,0.0,392000.0
1989,Santiago del Estero,0,22000,47000.0,0.0,17000.0,0.0,0,0.0,0.0,86000.0
1989,Tierra del Fuego,0,14000,40000.0,0.0,0.0,0.0,0,0.0,0.0,54000.0
1989,Tucumán,0,2000,56000.0,80000.0,53000.0,0.0,0,0.0,0.0,191000.0
1990,Capital Federal,0,3000,399000.0,2302000.0,0.0,0.0,0,0.0,0.0,2704000.0
1990,Buenos Aires,0,104000,260000.0,1306000.0,0.0,370000.0,0,0.0,0.0,2040000.0
1990,Catamarca,0,15000,18000.0,0.0,2000.0,0.0,0,0.0,0.0,35000.0
1990,Córdoba,0,21000,345000.0,249000.0,929000.0,648000.0,0,0.0,0.0,2192000.0
1990,Corrientes,0,51000,120000.0,0.0,0.0,0.0,0,0.0,0.0,171000.0
1990,Chaco,0,33000,93000.0,45000.0,0.0,0.0,0,0.0,0.0,171000.0
1990,Chubut,0,26000,177000.0,0.0,495000.0,0.0,0,0.0,0.0,698000.0
1990,Entre Ríos,0,23000,15000.0,22000.0,1260000.0,0.0,0,0.0,0.0,1320000.0
1990,Formosa,0,38000,23000.0,0.0,0.0,0.0,0,0.0,0.0,61000.0
1990,Jujuy,0,5000,67000.0,0.0,7000.0,0.0,0,0.0,0.0,79000.0
1990,La Pampa,0,14000,17000.0,0.0,10000.0,0.0,0,0.0,0.0,41000.0
1990,La Rioja,0,40000,32000.0,0.0,0.0,0.0,0,0.0,0.0,72000.0
1990,Mendoza,89000,5000,87000.0,245000.0,694000.0,0.0,0,0.0,0.0,1120000.0
1990,Misiones,70000,41000,75000.0,0.0,121000.0,0.0,0,0.0,0.0,307000.0
1990,Neuquén,0,11000,18000.0,30000.0,2771000.0,0.0,0,0.0,0.0,2830000.0
1990,Rio Negro,0,39000,59000.0,0.0,20000.0,0.0,0,0.0,0.0,118000.0
1990,Salta,0,24000,35000.0,245000.0,116000.0,0.0,0,0.0,0.0,420000.0
1990,San Juan,0,15000,32000.0,0.0,89000.0,0.0,0,0.0,0.0,136000.0
1990,San Luis,0,16000,0.0,0.0,2000.0,0.0,0,0.0,0.0,18000.0
1990,Santa Cruz,0,42000,69000.0,0.0,0.0,0.0,0,0.0,0.0,111000.0
1990,Santa Fé,0,82000,44000.0,266000.0,0.0,0.0,0,0.0,0.0,392000.0
1990,Santiago del Estero,0,22000,47000.0,0.0,17000.0,0.0,0,0.0,0.0,86000.0
1990,Tierra del Fuego,0,14000,40000.0,0.0,0.0,0.0,0,0.0,0.0,54000.0
1990,Tucumán,0,2000,56000.0,80000.0,53000.0,0.0,0,0.0,0.0,191000.0
1991,Capital Federal,0,0,399000.0,2302000.0,0.0,0.0,0,0.0,0.0,2701000.0
1991,Buenos Aires,0,81000,260000.0,1566000.0,0.0,370000.0,0,0.0,0.0,2277000.0
1991,Catamarca,0,18000,18000.0,0.0,2000.0,0.0,0,0.0,0.0,38000.0
1991,Córdoba,0,21000,345000.0,249000.0,929000.0,648000.0,0,0.0,0.0,2192000.0
1991,Corrientes,0,52000,120000.0,0.0,0.0,0.0,0,0.0,0.0,172000.0
1991,Chaco,0,25000,93000.0,45000.0,0.0,0.0,0,0.0,0.0,163000.0
1991,Chubut,0,26000,177000.0,0.0,495000.0,0.0,0,0.0,0.0,698000.0
1991,Entre Ríos,0,23000,15000.0,22000.0,1260000.0,0.0,0,0.0,0.0,1320000.0
1991,Formosa,0,42000,23000.0,0.0,0.0,0.0,0,0.0,0.0,65000.0
1991,Jujuy,0,6000,67000.0,0.0,7000.0,0.0,0,0.0,0.0,80000.0
1991,La Pampa,0,11000,17000.0,0.0,10000.0,0.0,0,0.0,0.0,38000.0
1991,La Rioja,0,55000,32000.0,0.0,0.0,0.0,0,0.0,0.0,87000.0
1991,Mendoza,89000,5000,87000.0,245000.0,694000.0,0.0,0,0.0,0.0,1120000.0
1991,Misiones,70000,41000,75000.0,0.0,121000.0,0.0,0,0.0,0.0,307000.0
1991,Neuquén,0,10000,18000.0,30000.0,2771000.0,0.0,0,0.0,0.0,2829000.0
1991,Rio Negro,0,39000,59000.0,0.0,20000.0,0.0,0,0.0,0.0,118000.0
1991,Salta,0,24000,35000.0,245000.0,116000.0,0.0,0,0.0,0.0,420000.0
1991,San Juan,0,10000,32000.0,0.0,89000.0,0.0,0,0.0,0.0,131000.0
1991,San Luis,0,8000,0.0,0.0,2000.0,0.0,0,0.0,0.0,10000.0
1991,Santa Cruz,0,44000,85000.0,0.0,0.0,0.0,0,0.0,0.0,129000.0
1991,Santa Fé,0,84000,44000.0,256000.0,0.0,0.0,0,0.0,0.0,384000.0
1991,Santiago del Estero,0,21000,47000.0,0.0,17000.0,0.0,0,0.0,0.0,85000.0
1991,Tierra del Fuego,0,13000,40000.0,0.0,0.0,0.0,0,0.0,0.0,53000.0
1991,Tucumán,0,4000,41000.0,80000.0,53000.0,0.0,0,0.0,0.0,178000.0
1992,Capital Federal,0,0,399000.0,2302000.0,0.0,0.0,0,0.0,0.0,2701000.0
1992,Buenos Aires,0,81000,210000.0,1566000.0,0.0,370000.0,0,0.0,0.0,2227000.0
1992,Catamarca,0,18000,18000.0,0.0,2000.0,0.0,0,0.0,0.0,38000.0
1992,Córdoba,0,21000,345000.0,249000.0,929000.0,648000.0,0,0.0,0.0,2192000.0
1992,Corrientes,0,52000,120000.0,0.0,0.0,0.0,0,0.0,0.0,172000.0
1992,Chaco,0,25000,93000.0,45000.0,0.0,0.0,0,0.0,0.0,163000.0
1992,Chubut,0,26000,177000.0,0.0,495000.0,0.0,0,0.0,0.0,698000.0
1992,Entre Ríos,0,23000,15000.0,22000.0,1103000.0,0.0,0,0.0,0.0,1163000.0
1992,Formosa,0,42000,23000.0,0.0,0.0,0.0,0,0.0,0.0,65000.0
1992,Jujuy,0,6000,67000.0,0.0,7000.0,0.0,0,0.0,0.0,80000.0
1992,La Pampa,0,11000,17000.0,0.0,10000.0,0.0,0,0.0,0.0,38000.0
1992,La Rioja,0,55000,32000.0,0.0,0.0,0.0,0,0.0,0.0,87000.0
1992,Mendoza,89000,5000,87000.0,245000.0,694000.0,0.0,0,0.0,0.0,1120000.0
1992,Misiones,70000,41000,75000.0,0.0,121000.0,0.0,0,0.0,0.0,307000.0
1992,Neuquén,0,10000,68000.0,30000.0,2771000.0,0.0,0,0.0,0.0,2879000.0
1992,Rio Negro,0,39000,59000.0,0.0,20000.0,0.0,0,0.0,0.0,118000.0
1992,Salta,0,24000,35000.0,245000.0,116000.0,0.0,0,0.0,0.0,420000.0
1992,San Juan,0,10000,32000.0,0.0,89000.0,0.0,0,0.0,0.0,131000.0
1992,San Luis,0,8000,0.0,0.0,2000.0,0.0,0,0.0,0.0,10000.0
1992,Santa Cruz,0,44000,85000.0,0.0,0.0,0.0,0,0.0,0.0,129000.0
1992,Santa Fé,0,84000,44000.0,256000.0,0.0,0.0,0,0.0,0.0,384000.0
1992,Santiago del Estero,0,21000,47000.0,0.0,17000.0,0.0,0,0.0,0.0,85000.0
1992,Tierra del Fuego,0,13000,40000.0,0.0,0.0,0.0,0,0.0,0.0,53000.0
1992,Tucumán,0,4000,41000.0,80000.0,53000.0,0.0,0,0.0,0.0,178000.0
1993,Capital Federal,0,0,399000.0,2302000.0,0.0,0.0,0,0.0,0.0,2701000.0
1993,Buenos Aires,0,81000,210000.0,1566000.0,0.0,370000.0,0,0.0,0.0,2227000.0
1993,Catamarca,0,18000,18000.0,0.0,2000.0,0.0,0,0.0,0.0,38000.0
1993,Córdoba,0,21000,345000.0,249000.0,929000.0,648000.0,0,0.0,0.0,2192000.0
1993,Corrientes,0,52000,120000.0,0.0,0.0,0.0,0,0.0,0.0,172000.0
1993,Chaco,0,25000,93000.0,45000.0,0.0,0.0,0,0.0,0.0,163000.0
1993,Chubut,0,26000,177000.0,0.0,495000.0,0.0,0,0.0,0.0,698000.0
1993,Entre Ríos,0,23000,15000.0,22000.0,1103000.0,0.0,0,0.0,0.0,1163000.0
1993,Formosa,0,42000,23000.0,0.0,0.0,0.0,0,0.0,0.0,65000.0
1993,Jujuy,0,6000,67000.0,0.0,7000.0,0.0,0,0.0,0.0,80000.0
1993,La Pampa,0,11000,17000.0,0.0,10000.0,0.0,0,0.0,0.0,38000.0
1993,La Rioja,0,55000,32000.0,0.0,0.0,0.0,0,0.0,0.0,87000.0
1993,Mendoza,89000,5000,87000.0,245000.0,694000.0,0.0,0,0.0,0.0,1120000.0
1993,Misiones,70000,41000,75000.0,0.0,121000.0,0.0,0,0.0,0.0,307000.0
1993,Neuquén,0,10000,205000.0,30000.0,3471000.0,0.0,0,0.0,0.0,3716000.0
1993,Rio Negro,0,39000,59000.0,0.0,20000.0,0.0,0,0.0,0.0,118000.0
1993,Salta,0,24000,35000.0,245000.0,116000.0,0.0,0,0.0,0.0,420000.0
1993,San Juan,0,10000,32000.0,0.0,89000.0,0.0,0,0.0,0.0,131000.0
1993,San Luis,0,8000,0.0,0.0,2000.0,0.0,0,0.0,0.0,10000.0
1993,Santa Cruz,0,44000,85000.0,0.0,0.0,0.0,0,0.0,0.0,129000.0
1993,Santa Fé,0,84000,44000.0,256000.0,0.0,0.0,0,0.0,0.0,384000.0
1993,Santiago del Estero,0,21000,47000.0,0.0,17000.0,0.0,0,0.0,0.0,85000.0
1993,Tierra del Fuego,0,13000,40000.0,0.0,0.0,0.0,0,0.0,0.0,53000.0
1993,Tucumán,0,4000,41000.0,80000.0,53000.0,0.0,0,0.0,0.0,178000.0
1994,Capital Federal,0,0,399000.0,2302000.0,0.0,0.0,0,0.0,0.0,2701000.0
1994,Buenos Aires,0,81000,210000.0,1566000.0,0.0,370000.0,0,0.0,0.0,2227000.0
1994,Catamarca,0,18000,18000.0,0.0,2000.0,0.0,0,0.0,0.0,38000.0
1994,Córdoba,0,21000,345000.0,249000.0,929000.0,648000.0,0,0.0,0.0,2192000.0
1994,Corrientes,0,52000,120000.0,0.0,155000.0,0.0,0,0.0,0.0,327000.0
1994,Chaco,0,25000,93000.0,45000.0,0.0,0.0,0,0.0,0.0,163000.0
1994,Chubut,0,26000,177000.0,0.0,495000.0,0.0,0,0.0,0.0,698000.0
1994,Entre Ríos,0,23000,15000.0,22000.0,1103000.0,0.0,0,0.0,0.0,1163000.0
1994,Formosa,0,42000,23000.0,0.0,0.0,0.0,0,0.0,0.0,65000.0
1994,Jujuy,0,6000,67000.0,0.0,7000.0,0.0,0,0.0,0.0,80000.0
1994,La Pampa,0,11000,17000.0,0.0,10000.0,0.0,0,0.0,0.0,38000.0
1994,La Rioja,0,55000,32000.0,0.0,0.0,0.0,0,0.0,0.0,87000.0
1994,Mendoza,89000,5000,87000.0,245000.0,694000.0,0.0,0,0.0,0.0,1120000.0
1994,Misiones,70000,41000,75000.0,0.0,121000.0,0.0,0,0.0,0.0,307000.0
1994,Neuquén,0,10000,724000.0,30000.0,4171000.0,0.0,0,0.0,0.0,4935000.0
1994,Rio Negro,0,39000,59000.0,0.0,20000.0,0.0,0,0.0,0.0,118000.0
1994,Salta,0,24000,35000.0,245000.0,116000.0,0.0,0,0.0,0.0,420000.0
1994,San Juan,0,10000,32000.0,0.0,89000.0,0.0,0,0.0,0.0,131000.0
1994,San Luis,0,8000,0.0,0.0,2000.0,0.0,0,0.0,0.0,10000.0
1994,Santa Cruz,0,44000,85000.0,0.0,0.0,0.0,0,0.0,0.0,129000.0
1994,Santa Fé,0,84000,44000.0,256000.0,0.0,0.0,0,0.0,0.0,384000.0
1994,Santiago del Estero,0,21000,47000.0,0.0,17000.0,0.0,0,0.0,0.0,85000.0
1994,Tierra del Fuego,0,13000,40000.0,0.0,0.0,0.0,0,0.0,0.0,53000.0
1994,Tucumán,0,4000,41000.0,80000.0,53000.0,0.0,0,0.0,0.0,178000.0
1995,Capital Federal,0,0,617000.0,2302000.0,0.0,0.0,0,0.0,0.0,2919000.0
1995,Buenos Aires,0,48000,210000.0,1566000.0,0.0,370000.0,0,0.0,0.0,2194000.0
1995,Catamarca,0,22000,18000.0,0.0,2000.0,0.0,0,0.0,0.0,42000.0
1995,Córdoba,70000,21000,345000.0,249000.0,935000.0,648000.0,0,0.0,0.0,2268000.0
1995,Corrientes,0,52000,120000.0,0.0,543000.0,0.0,0,0.0,0.0,715000.0
1995,Chaco,0,25000,93000.0,45000.0,0.0,0.0,0,0.0,0.0,163000.0
1995,Chubut,0,26000,177000.0,0.0,495000.0,0.0,0,0.0,0.0,698000.0
1995,Entre Ríos,0,23000,15000.0,22000.0,945000.0,0.0,0,0.0,0.0,1005000.0
1995,Formosa,0,42000,23000.0,0.0,0.0,0.0,0,0.0,0.0,65000.0
1995,Jujuy,0,6000,67000.0,0.0,7000.0,0.0,0,0.0,0.0,80000.0
1995,La Pampa,0,11000,17000.0,0.0,10000.0,0.0,0,0.0,0.0,38000.0
1995,La Rioja,0,55000,32000.0,0.0,0.0,0.0,0,0.0,0.0,87000.0
1995,Mendoza,89000,5000,87000.0,245000.0,694000.0,0.0,0,0.0,0.0,1120000.0
1995,Misiones,70000,41000,75000.0,0.0,121000.0,0.0,0,0.0,0.0,307000.0
1995,Neuquén,0,10000,854000.0,30000.0,4171000.0,0.0,0,0.0,0.0,5065000.0
1995,Rio Negro,0,39000,183000.0,0.0,20000.0,0.0,0,0.0,0.0,242000.0
1995,Salta,0,24000,35000.0,245000.0,116000.0,0.0,0,0.0,0.0,420000.0
1995,San Juan,0,10000,32000.0,0.0,89000.0,0.0,0,0.0,0.0,131000.0
1995,San Luis,0,8000,0.0,0.0,2000.0,0.0,0,0.0,0.0,10000.0
1995,Santa Cruz,0,44000,85000.0,0.0,0.0,0.0,0,0.0,0.0,129000.0
1995,Santa Fé,0,84000,44000.0,256000.0,0.0,0.0,0,0.0,0.0,384000.0
1995,Santiago del Estero,0,21000,47000.0,0.0,17000.0,0.0,0,0.0,0.0,85000.0
1995,Tierra del Fuego,0,13000,40000.0,0.0,0.0,0.0,0,0.0,0.0,53000.0
1995,Tucumán,0,4000,161000.0,80000.0,53000.0,0.0,0,0.0,0.0,298000.0
1996,Capital Federal,0,0,617000.0,2302000.0,0.0,0.0,0,0.0,0.0,2919000.0
1996,Buenos Aires,0,48000,195000.0,1566000.0,1000.0,370000.0,0,0.0,0.0,2180000.0
1996,Catamarca,0,22000,18000.0,0.0,1000.0,0.0,0,0.0,0.0,41000.0
1996,Córdoba,60000,21000,345000.0,249000.0,935000.0,648000.0,0,0.0,0.0,2258000.0
1996,Corrientes,0,30000,122000.0,0.0,1008000.0,0.0,0,0.0,0.0,1160000.0
1996,Chaco,0,30000,93000.0,45000.0,0.0,0.0,0,0.0,0.0,168000.0
1996,Chubut,0,30000,245000.0,0.0,496000.0,0.0,0,0.0,0.0,771000.0
1996,Entre Ríos,0,0,15000.0,0.0,945000.0,0.0,0,0.0,0.0,960000.0
1996,Formosa,0,30000,24000.0,0.0,0.0,0.0,0,0.0,0.0,54000.0
1996,Jujuy,0,6000,67000.0,0.0,8000.0,0.0,0,0.0,0.0,81000.0
1996,La Pampa,0,4000,17000.0,0.0,70000.0,0.0,0,0.0,0.0,91000.0
1996,La Rioja,0,24000,32000.0,0.0,0.0,0.0,0,0.0,0.0,56000.0
1996,Mendoza,89000,5000,87000.0,245000.0,694000.0,0.0,0,0.0,0.0,1120000.0
1996,Misiones,71000,41000,74000.0,0.0,121000.0,0.0,0,0.0,0.0,307000.0
1996,Neuquén,0,11000,787000.0,0.0,4171000.0,0.0,600,0.0,0.0,4969600.0
1996,Rio Negro,0,28000,234000.0,30000.0,33000.0,0.0,0,0.0,0.0,325000.0
1996,Salta,0,25000,22000.0,245000.0,117000.0,0.0,0,0.0,0.0,409000.0
1996,San Juan,0,20000,32000.0,0.0,91000.0,0.0,0,0.0,0.0,143000.0
1996,San Luis,0,0,0.0,0.0,0.0,0.0,0,0.0,0.0,0.0
1996,Santa Cruz,0,42000,86000.0,0.0,1000.0,0.0,0,0.0,0.0,129000.0
1996,Santa Fé,0,44000,39000.0,256000.0,0.0,0.0,0,0.0,0.0,339000.0
1996,Santiago del Estero,0,14000,48000.0,0.0,17000.0,0.0,0,0.0,0.0,79000.0
1996,Tierra del Fuego,0,12000,59000.0,0.0,0.0,0.0,0,0.0,0.0,71000.0
1996,Tucumán,0,6000,476000.0,80000.0,52000.0,0.0,0,0.0,0.0,614000.0
1997,Capital Federal,338500,0,708610.0,2185000.0,0.0,0.0,0,0.0,0.0,3232110.0
1997,Buenos Aires,0,85068,209000.0,1536000.0,0.0,370000.0,0,3150.0,0.0,2203218.0
1997,Catamarca,0,30710,16000.0,0.0,1890.0,0.0,0,0.0,0.0,48600.0
1997,Córdoba,77400,10830,342000.0,249000.0,935020.0,648000.0,0,0.0,0.0,2262250.0
1997,Corrientes,60793,0,92400.0,0.0,1395000.0,0.0,0,0.0,0.0,1548193.0
1997,Chaco,0,13864,76380.0,45000.0,0.0,0.0,0,0.0,0.0,135244.0
1997,Chubut,0,30553,255600.0,0.0,495526.0,0.0,0,7020.0,0.0,788699.0
1997,Entre Ríos,0,10158,17000.0,22000.0,945000.0,0.0,0,0.0,0.0,994158.0
1997,Formosa,0,31538,24800.0,0.0,0.0,0.0,0,0.0,0.0,56338.0
1997,Jujuy,0,7498,67300.0,0.0,9370.0,0.0,0,0.0,0.0,84168.0
1997,La Pampa,0,2908,17000.0,0.0,70000.0,0.0,0,0.0,0.0,89908.0
1997,La Rioja,0,17155,30600.0,0.0,0.0,0.0,0,0.0,0.0,47755.0
1997,Mendoza,89300,4665,66660.0,245000.0,716510.0,0.0,0,0.0,0.0,1122135.0
1997,Misiones,71040,22168,76520.0,0.0,121280.0,0.0,0,0.0,0.0,291008.0
1997,Neuquén,80000,13128,826000.0,0.0,4171750.0,0.0,600,400.0,0.0,5091878.0
1997,Rio Negro,0,24413,132920.0,0.0,23946.0,0.0,0,0.0,0.0,181279.0
1997,Salta,0,24903,30700.0,245000.0,116180.0,0.0,0,0.0,0.0,416783.0
1997,San Juan,0,17795,31500.0,0.0,89232.0,0.0,0,0.0,0.0,138527.0
1997,San Luis,0,0,0.0,0.0,0.0,0.0,0,0.0,0.0,0.0
1997,Santa Cruz,0,46782,113200.0,0.0,0.0,0.0,0,1000.0,0.0,160982.0
1997,Santa Fé,0,70601,47500.0,256000.0,0.0,0.0,0,0.0,0.0,374101.0
1997,Santiago del Estero,0,16172,48000.0,0.0,17200.0,0.0,0,0.0,0.0,81372.0
1997,Tierra del Fuego,0,10480,58000.0,0.0,0.0,0.0,0,0.0,0.0,68480.0
1997,Tucumán,0,4894,608200.0,80000.0,52697.0,0.0,0,0.0,0.0,745791.0
1998,Capital Federal,1523400,0,288400.0,2140000.0,0.0,0.0,0,0.0,0.0,3951800.0
1998,Buenos Aires,0,86606,373200.0,1536000.0,0.0,370000.0,0,4950.0,0.0,2370756.0
1998,Catamarca,0,30710,16000.0,0.0,1986.0,0.0,0,0.0,0.0,48696.0
1998,Córdoba,70000,11150,342000.0,249000.0,935020.0,648000.0,0,0.0,0.0,2255170.0
1998,Corrientes,0,70295,92400.0,0.0,1550000.0,0.0,0,0.0,0.0,1712695.0
1998,Chaco,0,11288,76380.0,35000.0,0.0,0.0,0,0.0,0.0,122668.0
1998,Chubut,0,32767,255600.0,0.0,495425.0,0.0,0,6900.0,0.0,790692.0
1998,Entre Ríos,0,12255,17000.0,22400.0,945000.0,0.0,0,0.0,0.0,996655.0
1998,Formosa,0,30286,24700.0,0.0,0.0,0.0,0,0.0,0.0,54986.0
1998,Jujuy,0,8319,67300.0,0.0,8076.0,0.0,0,2.0,25.0,83722.0
1998,La Pampa,0,4496,17000.0,0.0,70000.0,0.0,0,0.0,0.0,91496.0
1998,La Rioja,0,17655,30600.0,0.0,0.0,0.0,0,0.0,0.0,48255.0
1998,Mendoza,379300,7455,68400.0,120000.0,716570.0,0.0,0,0.0,0.0,1291725.0
1998,Misiones,71040,22166,57350.0,0.0,121280.0,0.0,0,0.0,0.0,271836.0
1998,Neuquén,80000,14225,830000.0,0.0,4171723.0,0.0,600,400.0,0.0,5096948.0
1998,Rio Negro,0,22058,134220.0,0.0,23951.0,0.0,0,0.0,0.0,180229.0
1998,Salta,0,26790,27780.0,245000.0,127188.0,0.0,0,0.0,0.0,426758.0
1998,San Juan,0,17417,31500.0,0.0,89232.0,0.0,0,0.0,0.0,138149.0
1998,San Luis,0,0,0.0,0.0,0.0,0.0,0,0.0,0.0,0.0
1998,Santa Cruz,0,49234,104680.0,0.0,0.0,0.0,0,1000.0,0.0,154914.0
1998,Santa Fé,0,61144,49500.0,256000.0,0.0,0.0,0,0.0,0.0,366644.0
1998,Santiago del Estero,0,13422,48000.0,0.0,18600.0,0.0,0,0.0,0.0,80022.0
1998,Tierra del Fuego,0,9950,83000.0,0.0,0.0,0.0,0,0.0,0.0,92950.0
1998,Tucumán,0,6654,611710.0,0.0,52334.0,0.0,0,0.0,0.0,670698.0
1999,Capital Federal,2643500,840,270400.0,2140000.0,0.0,0.0,0,0.0,0.0,5054740.0
1999,Buenos Aires,0,34294,333200.0,1536000.0,0.0,370000.0,0,5700.0,0.0,2279194.0
1999,Catamarca,0,30710,16000.0,0.0,1986.0,0.0,0,0.0,0.0,48696.0
1999,Córdoba,70000,9917,342000.0,249000.0,935020.0,648000.0,0,0.0,0.0,2253937.0
1999,Corrientes,0,64313,70950.0,0.0,1550000.0,0.0,0,0.0,0.0,1685263.0
1999,Chaco,0,13710,76380.0,35000.0,0.0,0.0,0,0.0,0.0,125090.0
1999,Chubut,0,34824,255600.0,0.0,495425.0,0.0,0,6941.0,0.0,792790.0
1999,Entre Ríos,0,5895,17000.0,22400.0,945000.0,0.0,0,0.0,0.0,990295.0
1999,Formosa,0,3166,17300.0,0.0,0.0,0.0,0,0.0,0.0,20466.0
1999,Jujuy,0,7802,67300.0,0.0,8120.0,0.0,0,2.0,25.0,83249.0
1999,La Pampa,0,4188,17000.0,0.0,70000.0,0.0,0,0.0,0.0,91188.0
1999,La Rioja,0,17652,30600.0,0.0,0.0,0.0,0,0.0,0.0,48252.0
1999,Mendoza,379300,6497,68400.0,120000.0,716570.0,0.0,0,0.0,0.0,1290767.0
1999,Misiones,0,22966,57350.0,0.0,121280.0,0.0,0,0.0,0.0,201596.0
1999,Neuquén,751200,13981,460000.0,0.0,4426699.0,0.0,600,400.0,0.0,5652880.0
1999,Rio Negro,0,21906,134220.0,0.0,23951.0,0.0,0,0.0,0.0,180077.0
1999,Salta,414000,26986,27780.0,245000.0,127188.0,0.0,0,0.0,0.0,840954.0
1999,San Juan,0,14017,31500.0,0.0,89232.0,0.0,0,0.0,0.0,134749.0
1999,San Luis,0,0,0.0,0.0,0.0,0.0,0,0.0,0.0,0.0
1999,Santa Cruz,0,37943,126880.0,0.0,0.0,0.0,0,1000.0,0.0,165823.0
1999,Santa Fé,0,30076,49500.0,256000.0,0.0,0.0,0,0.0,0.0,335576.0
1999,Santiago del Estero,0,14132,48000.0,0.0,18600.0,0.0,0,0.0,0.0,80732.0
1999,Tierra del Fuego,0,10750,83000.0,0.0,0.0,0.0,0,0.0,0.0,93750.0
1999,Tucumán,438000,6540,203710.0,0.0,52334.0,0.0,0,0.0,0.0,700584.0
2000,Capital Federal,3423500,840,270400.0,2140000.0,0.0,0.0,0,0.0,0.0,5834740.0
2000,Buenos Aires,0,34391,333200.0,1536000.0,0.0,370000.0,0,5700.0,0.0,2279291.0
2000,Catamarca,0,30710,16000.0,0.0,1986.0,0.0,0,0.0,0.0,48696.0
2000,Córdoba,70000,9917,342000.0,249000.0,935020.0,648000.0,0,0.0,0.0,2253937.0
2000,Corrientes,0,64313,70950.0,0.0,1550000.0,0.0,0,0.0,0.0,1685263.0
2000,Chaco,0,13710,76380.0,35000.0,0.0,0.0,0,0.0,0.0,125090.0
2000,Chubut,60000,34824,255600.0,0.0,495425.0,0.0,0,6941.0,0.0,852790.0
2000,Entre Ríos,0,5895,17000.0,22400.0,945000.0,0.0,0,0.0,0.0,990295.0
2000,Formosa,0,3166,17300.0,0.0,0.0,0.0,0,0.0,0.0,20466.0
2000,Jujuy,0,7802,67300.0,0.0,8120.0,0.0,0,2.0,25.0,83249.0
2000,La Pampa,0,4188,17000.0,0.0,70000.0,0.0,0,0.0,0.0,91188.0
2000,La Rioja,0,17652,30600.0,0.0,0.0,0.0,0,0.0,0.0,48252.0
2000,Mendoza,379300,6497,68400.0,120000.0,716570.0,0.0,0,0.0,0.0,1290767.0
2000,Misiones,0,22966,57350.0,0.0,121280.0,0.0,0,0.0,0.0,201596.0
2000,Neuquén,751200,13981,460000.0,0.0,4426699.0,0.0,600,400.0,0.0,5652880.0
2000,Rio Negro,0,21353,134220.0,0.0,23695.0,0.0,0,0.0,0.0,179268.0
2000,Salta,633000,27244,27780.0,245000.0,127188.0,0.0,0,0.0,0.0,1060212.0
2000,San Juan,0,14017,31500.0,0.0,89232.0,0.0,0,0.0,0.0,134749.0
2000,San Luis,0,0,0.0,0.0,0.0,0.0,0,0.0,0.0,0.0
2000,Santa Cruz,0,37943,126880.0,0.0,0.0,0.0,0,1000.0,0.0,165823.0
2000,Santa Fé,0,30076,49500.0,256000.0,0.0,0.0,0,0.0,0.0,335576.0
2000,Santiago del Estero,0,14212,48000.0,0.0,18600.0,0.0,0,0.0,0.0,80812.0
2000,Tierra del Fuego,0,10750,83000.0,0.0,0.0,0.0,0,0.0,0.0,93750.0
2000,Tucumán,438000,6540,203710.0,0.0,52334.0,0.0,0,0.0,0.0,700584.0
2001,Capital Federal,3441000,840,270400.0,2140000.0,0.0,0.0,0,0.0,0.0,5852240.0
2001,Buenos Aires,845260,27620,333234.0,1536000.0,0.0,370000.0,0,5700.0,0.0,3117814.0
2001,Catamarca,0,30710,16000.0,0.0,1986.0,0.0,0,0.0,0.0,48696.0
2001,Córdoba,70000,9917,342000.0,249000.0,935020.0,648000.0,0,0.0,0.0,2253937.0
2001,Corrientes,0,55337,70872.0,0.0,1550000.0,0.0,0,0.0,0.0,1676209.0
2001,Chaco,0,14158,76380.0,35000.0,0.0,0.0,0,0.0,0.0,125538.0
2001,Chubut,63020,36560,227600.0,0.0,495435.0,0.0,0,17526.0,0.0,840141.0
2001,Entre Ríos,0,5895,17000.0,22400.0,945000.0,0.0,0,0.0,0.0,990295.0
2001,Formosa,0,3682,17300.0,0.0,0.0,0.0,0,0.0,0.0,20982.0
2001,Jujuy,0,7970,67300.0,0.0,8101.0,0.0,0,2.0,26.0,83399.0
2001,La Pampa,0,5675,17000.0,0.0,70000.0,0.0,0,0.0,0.0,92675.0
2001,La Rioja,0,15452,30600.0,0.0,0.0,0.0,0,0.0,0.0,46052.0
2001,Mendoza,379300,5879,68400.0,120000.0,716570.0,0.0,0,0.0,0.0,1290149.0
2001,Misiones,0,22590,39750.0,0.0,121280.0,0.0,0,0.0,0.0,183620.0
2001,Neuquén,751200,16237,460000.0,0.0,4447025.0,0.0,600,400.0,0.0,5675462.0
2001,Rio Negro,0,22073,134220.0,0.0,23951.0,0.0,0,0.0,0.0,180244.0
2001,Salta,643000,27385,23300.0,245000.0,127060.0,0.0,0,0.0,0.0,1065745.0
2001,San Juan,0,12740,31500.0,0.0,100032.0,0.0,0,0.0,0.0,144272.0
2001,San Luis,0,0,0.0,0.0,0.0,0.0,0,0.0,0.0,0.0
2001,Santa Cruz,0,40267,94380.0,0.0,0.0,0.0,0,1200.0,0.0,135847.0
2001,Santa Fé,0,30076,49500.0,256000.0,0.0,0.0,0,0.0,0.0,335576.0
2001,Santiago del Estero,0,15386,48000.0,0.0,18600.0,0.0,0,0.0,0.0,81986.0
2001,Tierra del Fuego,0,9700,81160.0,0.0,0.0,0.0,0,0.0,0.0,90860.0
2001,Tucumán,598000,6950,334020.0,0.0,52334.0,0.0,0,0.0,0.0,991304.0
2002,Capital Federal,3441000,840,270400.0,2140000.0,0.0,0.0,0,0.0,0.0,5852240.0
2002,Buenos Aires,845260,33468,327200.0,1536000.0,0.0,370000.0,0,5700.0,0.0,3117628.0
2002,Catamarca,0,2461,16000.0,0.0,1796.0,0.0,0,0.0,0.0,20257.0
2002,Córdoba,70000,9917,342000.0,249000.0,935020.0,648000.0,0,0.0,0.0,2253937.0
2002,Corrientes,0,55337,70950.0,0.0,1550000.0,0.0,0,0.0,0.0,1676287.0
2002,Chaco,0,14158,76380.0,35000.0,0.0,0.0,0,0.0,0.0,125538.0
2002,Chubut,63020,36582,160100.0,0.0,495435.0,0.0,0,17527.0,0.0,772664.0
2002,Entre Ríos,0,5895,17000.0,22400.0,945000.0,0.0,0,0.0,0.0,990295.0
2002,Formosa,0,3685,17300.0,0.0,0.0,0.0,0,0.0,0.0,20985.0
2002,Jujuy,0,7970,67300.0,0.0,38101.0,0.0,0,2.0,26.0,113399.0
2002,La Pampa,0,5312,17000.0,0.0,70000.0,0.0,0,900.0,0.0,93212.0
2002,La Rioja,0,15452,30600.0,0.0,0.0,0.0,0,0.0,0.0,46052.0
2002,Mendoza,379300,5749,68400.0,120000.0,836570.0,0.0,0,0.0,0.0,1410019.0
2002,Misiones,0,22590,39750.0,0.0,121280.0,0.0,0,0.0,0.0,183620.0
2002,Neuquén,751200,16442,460000.0,0.0,4191809.0,0.0,600,400.0,0.0,5420451.0
2002,Rio Negro,0,24679,134220.0,0.0,278695.0,0.0,0,0.0,0.0,437594.0
2002,Salta,0,13858,48000.0,0.0,18600.0,0.0,0,0.0,0.0,80458.0
2002,San Juan,643000,28816,23300.0,245000.0,127060.0,0.0,0,0.0,0.0,1067176.0
2002,San Luis,0,11860,31500.0,0.0,100032.0,0.0,0,0.0,0.0,143392.0
2002,Santa Cruz,0,0,0.0,0.0,0.0,0.0,0,0.0,0.0,0.0
2002,Santa Fé,0,46281,94380.0,0.0,0.0,0.0,0,1200.0,0.0,141861.0
2002,Santiago del Estero,0,30076,49500.0,256000.0,0.0,0.0,0,0.0,0.0,335576.0
2002,Tierra del Fuego,0,9700,81160.0,0.0,0.0,0.0,0,0.0,0.0,90860.0
2002,Tucumán,834620,6082,210400.0,0.0,52334.0,0.0,0,0.0,0.0,1103436.0
2003,Capital Federal,3441000,840,270400.0,2140000.0,0.0,0.0,0,0.0,0.0,5852240.0
2003,Buenos Aires,845260,33052,329200.0,1536000.0,0.0,370000.0,0,5700.0,0.0,3119212.0
2003,Catamarca,0,3365,16000.0,0.0,1146.0,0.0,0,0.0,0.0,20511.0
2003,Córdoba,70000,9917,342000.0,249000.0,935020.0,648000.0,0,0.0,0.0,2253937.0
2003,Corrientes,0,56150,70950.0,0.0,1550000.0,0.0,0,0.0,0.0,1677100.0
2003,Chaco,0,9648,76380.0,35000.0,0.0,0.0,0,0.0,0.0,121028.0
2003,Chubut,63020,36698,160100.0,0.0,495435.0,0.0,0,17527.0,0.0,772780.0
2003,Entre Ríos,0,5895,17000.0,22400.0,945000.0,0.0,0,0.0,0.0,990295.0
2003,Formosa,0,3622,17300.0,0.0,0.0,0.0,0,0.0,0.0,20922.0
2003,Jujuy,0,7255,67300.0,0.0,37331.0,0.0,0,2.0,26.0,111914.0
2003,La Pampa,0,5312,17000.0,0.0,70000.0,0.0,0,900.0,0.0,93212.0
2003,La Rioja,0,15452,30600.0,0.0,0.0,0.0,0,0.0,0.0,46052.0
2003,Mendoza,379300,6796,68400.0,120000.0,836570.0,0.0,0,0.0,0.0,1411066.0
2003,Misiones,0,19346,56750.0,0.0,121280.0,0.0,0,0.0,0.0,197376.0
2003,Neuquén,559200,16442,652000.0,0.0,4211809.0,0.0,600,400.0,0.0,5440451.0
2003,Rio Negro,0,21842,134220.0,0.0,278695.0,0.0,0,0.0,0.0,434757.0
2003,Salta,0,14410,48000.0,0.0,18600.0,0.0,0,0.0,0.0,81010.0
2003,San Juan,643000,28860,23300.0,245000.0,127060.0,0.0,0,0.0,0.0,1067220.0
2003,San Luis,0,13769,31500.0,0.0,100032.0,0.0,0,0.0,0.0,145301.0
2003,Santa Cruz,0,0,0.0,0.0,0.0,0.0,0,0.0,0.0,0.0
2003,Santa Fé,0,51382,94380.0,0.0,0.0,0.0,0,1200.0,0.0,146962.0
2003,Santiago del Estero,0,28191,49500.0,256000.0,0.0,0.0,0,0.0,0.0,333691.0
2003,Tierra del Fuego,0,5420,109078.0,0.0,0.0,0.0,0,0.0,0.0,114498.0
2003,Tucumán,834620,7026,333400.0,0.0,52334.0,0.0,0,0.0,0.0,1227380.0
2004,Capital Federal,3441000,840,270400.0,2140000.0,0.0,0.0,0,0.0,0.0,5852240.0
2004,Buenos Aires,845260,33052,353200.0,1536000.0,0.0,370000.0,0,5700.0,0.0,3143212.0
2004,Catamarca,0,1604,16000.0,0.0,1146.0,0.0,0,0.0,0.0,18750.0
2004,Córdoba,70000,9917,358000.0,249000.0,935020.0,648000.0,0,0.0,0.0,2269937.0
2004,Corrientes,0,57633,70950.0,0.0,1550000.0,0.0,0,0.0,0.0,1678583.0
2004,Chaco,0,7262,76380.0,35000.0,0.0,0.0,0,0.0,0.0,118642.0
2004,Chubut,63020,35163,160100.0,0.0,532705.0,0.0,0,17527.0,0.0,808515.0
2004,Entre Ríos,0,5895,17000.0,22400.0,945000.0,0.0,0,0.0,0.0,990295.0
2004,Formosa,0,3677,17300.0,0.0,0.0,0.0,0,0.0,0.0,20977.0
2004,Jujuy,0,7255,67300.0,0.0,37331.0,0.0,0,2.0,26.0,111914.0
2004,La Pampa,0,5312,17000.0,0.0,70000.0,0.0,0,1800.0,0.0,94112.0
2004,La Rioja,0,17952,30600.0,0.0,0.0,0.0,0,0.0,0.0,48552.0
2004,Mendoza,379300,6596,68400.0,120000.0,851060.0,0.0,0,0.0,0.0,1425356.0
2004,Misiones,0,18606,74350.0,0.0,121280.0,0.0,0,0.0,0.0,214236.0
2004,Neuquén,751200,16336,460000.0,0.0,4247809.0,0.0,600,400.0,0.0,5476345.0
2004,Rio Negro,0,19934,134220.0,0.0,308695.0,0.0,0,0.0,0.0,462849.0
2004,Salta,0,3947,48000.0,0.0,18600.0,0.0,0,0.0,0.0,70547.0
2004,San Juan,643000,26251,23300.0,245000.0,127060.0,0.0,0,0.0,0.0,1064611.0
2004,San Luis,0,13924,31500.0,0.0,100032.0,0.0,0,0.0,0.0,145456.0
2004,Santa Cruz,0,0,0.0,0.0,0.0,0.0,0,0.0,0.0,0.0
2004,Santa Fé,0,61867,92360.0,0.0,0.0,0.0,0,2400.0,0.0,156627.0
2004,Santiago del Estero,0,25323,49500.0,256000.0,0.0,0.0,0,0.0,0.0,330823.0
2004,Tierra del Fuego,0,5420,109078.0,0.0,0.0,0.0,0,0.0,0.0,114498.0
2004,Tucumán,834620,8601,286400.0,0.0,52334.0,0.0,0,0.0,0.0,1181955.0
2005,Capital Federal,3441000,840,270400.0,2140000.0,0.0,0.0,0,0.0,0.0,5852240.0
2005,Buenos Aires,845260,21024,353200.0,1536000.0,0.0,370000.0,0,5700.0,0.0,3131184.0
2005,Catamarca,0,1604,16000.0,0.0,1146.0,0.0,0,0.0,0.0,18750.0
2005,Córdoba,70000,9917,358000.0,249000.0,935020.0,648000.0,0,0.0,0.0,2269937.0
2005,Corrientes,0,57633,70950.0,0.0,1550000.0,0.0,0,0.0,0.0,1678583.0
2005,Chaco,0,7262,76380.0,35000.0,0.0,0.0,0,0.0,0.0,118642.0
2005,Chubut,63020,35173,159700.0,0.0,532705.0,0.0,0,17527.0,0.0,808125.0
2005,Entre Ríos,0,5895,0.0,0.0,945000.0,0.0,0,0.0,0.0,950895.0
2005,Formosa,0,1763,17300.0,0.0,0.0,0.0,0,0.0,0.0,19063.0
2005,Jujuy,0,7255,67300.0,0.0,37781.0,0.0,0,2.0,26.0,112364.0
2005,La Pampa,0,5912,17000.0,0.0,70000.0,0.0,0,1800.0,0.0,94712.0
2005,La Rioja,0,22902,30600.0,0.0,0.0,0.0,0,0.0,0.0,53502.0
2005,Mendoza,379300,3896,68400.0,120000.0,858660.0,0.0,0,0.0,0.0,1430256.0
2005,Misiones,0,18440,39750.0,0.0,121280.0,0.0,0,0.0,0.0,179470.0
2005,Neuquén,751200,17854,460000.0,0.0,4247809.0,0.0,600,400.0,0.0,5477863.0
2005,Rio Negro,0,19934,134220.0,0.0,308695.0,0.0,0,0.0,0.0,462849.0
2005,Salta,643000,27707,23300.0,245000.0,127060.0,0.0,0,0.0,0.0,1066067.0
2005,San Juan,0,14446,31500.0,0.0,100032.0,0.0,0,0.0,0.0,145978.0
2005,San Luis,0,0,0.0,0.0,0.0,0.0,0,0.0,0.0,0.0
2005,Santa Cruz,0,61867,92360.0,0.0,0.0,0.0,0,2400.0,0.0,156627.0
2005,Santa Fé,0,25323,7500.0,226000.0,0.0,0.0,0,0.0,0.0,258823.0
2005,Santiago del Estero,0,109667,48000.0,0.0,21500.0,0.0,0,0.0,0.0,179167.0
2005,Tierra del Fuego,0,6470,109078.0,0.0,0.0,0.0,0,0.0,0.0,115548.0
2005,Tucumán,834620,8601,286400.0,0.0,63534.0,0.0,0,0.0,0.0,1193155.0
2006,Capital Federal,3441000,840,270400.0,2140000.0,0.0,0.0,0,0.0,0.0,5852240.0
2006,Buenos Aires,845260,22618,370200.0,1536000.0,0.0,370000.0,0,5700.0,0.0,3149778.0
2006,Catamarca,0,1710,16000.0,0.0,1146.0,0.0,0,0.0,0.0,18856.0
2006,Córdoba,70000,9917,358000.0,249000.0,935020.0,648000.0,0,0.0,0.0,2269937.0
2006,Corrientes,0,57633,70950.0,0.0,1550000.0,0.0,0,0.0,0.0,1678583.0
2006,Chaco,0,7874,76380.0,35000.0,0.0,0.0,0,0.0,0.0,119254.0
2006,Chubut,63020,35173,159700.0,0.0,532705.0,0.0,0,17526.6,0.0,808124.6
2006,Entre Ríos,0,5895,0.0,0.0,945000.0,0.0,0,0.0,0.0,950895.0
2006,Formosa,0,1783,17300.0,0.0,0.0,0.0,0,0.0,0.0,19083.0
2006,Jujuy,0,7255,67300.0,0.0,37781.0,0.0,0,2.4,25.9,112364.3
2006,La Pampa,0,5566,0.0,0.0,70000.0,0.0,0,1800.0,0.0,77366.0
2006,La Rioja,0,22902,30600.0,0.0,0.0,0.0,0,0.0,0.0,53502.0
2006,Mendoza,379300,3896,68400.0,120000.0,858660.0,0.0,0,0.0,0.0,1430256.0
2006,Misiones,0,18440,39750.0,0.0,121280.0,0.0,0,0.0,0.0,179470.0
2006,Neuquén,751200,19168,460000.0,0.0,4247749.0,0.0,600,400.0,0.0,5479117.0
2006,Rio Negro,0,19934,134220.0,0.0,308695.0,0.0,0,0.0,0.0,462849.0
2006,Salta,643000,27707,23300.0,245000.0,127060.0,0.0,0,0.0,0.0,1066067.0
2006,San Juan,0,14446,31500.0,0.0,100032.0,0.0,0,0.0,0.0,145978.0
2006,San Luis,0,0,0.0,0.0,0.0,0.0,0,0.0,0.0,0.0
2006,Santa Cruz,0,61867,92360.0,0.0,0.0,0.0,0,2400.0,0.0,156627.0
2006,Santa Fé,0,25323,7500.0,226000.0,0.0,0.0,0,0.0,0.0,258823.0
2006,Santiago del Estero,0,10667,48000.0,0.0,21500.0,0.0,0,0.0,0.0,80167.0
2006,Tierra del Fuego,0,6470,109078.0,0.0,0.0,0.0,0,0.0,0.0,115548.0
2006,Tucumán,834620,8601,286400.0,0.0,63534.0,0.0,0,0.0,0.0,1193155.0
2007,Capital Federal,3441000,840,270400.0,2140000.0,0.0,0.0,0,0.0,0.0,5852240.0
2007,Buenos Aires,845260,22618,370200.0,1536000.0,0.0,370000.0,0,5700.0,0.0,3149778.0
2007,Catamarca,0,1670,16000.0,0.0,1146.0,0.0,0,0.0,0.0,18816.0
2007,Córdoba,70000,9917,358000.0,249000.0,935020.0,648000.0,0,0.0,0.0,2269937.0
2007,Corrientes,0,60152,70950.0,0.0,1550000.0,0.0,0,0.0,0.0,1681102.0
2007,Chaco,0,7874,76380.0,35000.0,0.0,0.0,0,0.0,0.0,119254.0
2007,Chubut,63020,37671,197500.0,0.0,532705.0,0.0,0,17526.6,0.0,848422.6
2007,Entre Ríos,0,5895,0.0,0.0,945000.0,0.0,0,0.0,0.0,950895.0
2007,Formosa,0,2243,17300.0,0.0,0.0,0.0,0,0.0,0.0,19543.0
2007,Jujuy,0,7255,67300.0,0.0,37781.0,0.0,0,2.4,25.9,112364.3
2007,La Pampa,0,5514,0.0,0.0,70000.0,0.0,0,1800.0,0.0,77314.0
2007,La Rioja,0,27064,46600.0,0.0,0.0,0.0,0,0.0,0.0,73664.0
2007,Mendoza,379300,3896,68400.0,120000.0,870460.0,0.0,0,0.0,0.0,1442056.0
2007,Misiones,0,18440,39750.0,0.0,121280.0,0.0,0,0.0,0.0,179470.0
2007,Neuquén,751200,19255,460000.0,0.0,4257149.0,0.0,600,400.0,0.0,5488604.0
2007,Rio Negro,0,19934,134220.0,0.0,308695.0,0.0,0,0.0,0.0,462849.0
2007,Salta,643000,26882,38600.0,245000.0,135060.0,0.0,0,0.0,0.0,1088542.0
2007,San Juan,0,15549,31500.0,0.0,102032.0,0.0,0,0.0,0.0,149081.0
2007,San Luis,0,0,0.0,0.0,0.0,0.0,0,0.0,0.0,0.0
2007,Santa Cruz,0,56753,118700.0,0.0,0.0,0.0,0,2400.0,0.0,177853.0
2007,Santa Fé,0,25323,7500.0,226000.0,0.0,0.0,0,0.0,0.0,258823.0
2007,Santiago del Estero,0,24063,32000.0,0.0,21500.0,0.0,0,0.0,0.0,77563.0
2007,Tierra del Fuego,0,6578,109078.0,0.0,0.0,0.0,0,0.0,0.0,115656.0
2007,Tucumán,834620,8726,267000.0,0.0,57534.0,0.0,0,0.0,0.0,1167880.0
2008,Capital Federal,3441000,23160,310400.0,2140000.0,0.0,0.0,0,0.0,0.0,5914560.0
2008,Buenos Aires,845260,70636,963400.0,1536000.0,0.0,370000.0,0,5700.0,0.0,3790996.0
2008,Catamarca,0,20870,0.0,0.0,1146.0,0.0,0,0.0,0.0,22016.0
2008,Córdoba,190000,33917,358000.0,249000.0,935020.0,648000.0,0,0.0,0.0,2413937.0
2008,Corrientes,0,63752,20050.0,0.0,1550000.0,0.0,0,0.0,0.0,1633802.0
2008,Chaco,0,48934,0.0,35000.0,0.0,0.0,0,0.0,0.0,83934.0
2008,Chubut,63020,37671,197500.0,0.0,532705.0,0.0,0,17526.6,0.0,848422.6
2008,Entre Ríos,0,5895,,0.0,945000.0,0.0,0,0.0,0.0,950895.0
2008,Formosa,0,34093,17300.0,0.0,0.0,0.0,0,0.0,0.0,51393.0
2008,Jujuy,0,7255,67300.0,0.0,37781.0,0.0,0,2.4,25.9,112364.3
2008,La Pampa,0,4764,,0.0,70000.0,0.0,0,1800.0,0.0,76564.0
2008,La Rioja,0,49850,46600.0,0.0,0.0,0.0,0,0.0,0.0,96450.0
2008,Mendoza,379300,3896,68400.0,120000.0,870460.0,0.0,0,0.0,0.0,1442056.0
2008,Misiones,0,7212,39750.0,0.0,121280.0,0.0,0,0.0,0.0,168242.0
2008,Neuquén,751200,19381,460000.0,0.0,4303149.0,0.0,600,400.0,0.0,5534730.0
2008,Rio Negro,0,21548,134220.0,0.0,308695.0,0.0,0,0.0,0.0,464463.0
2008,Salta,643000,26892,138600.0,245000.0,135060.0,0.0,0,0.0,0.0,1188552.0
2008,San Juan,0,15849,31500.0,0.0,102032.0,0.0,0,0.0,0.0,149381.0
2008,San Luis,0,0,,0.0,0.0,0.0,0,0.0,0.0,0.0
2008,Santa Cruz,0,56753,118700.0,0.0,0.0,0.0,0,2400.0,0.0,177853.0
2008,Santa Fé,0,45013,560900.0,226000.0,0.0,0.0,0,0.0,0.0,831913.0
2008,Santiago del Estero,0,43263,32000.0,0.0,21500.0,0.0,0,0.0,0.0,96763.0
2008,Tierra del Fuego,0,6578,131038.0,0.0,0.0,0.0,0,0.0,0.0,137616.0
2008,Tucumán,834620,8726,267000.0,0.0,57534.0,0.0,0,0.0,0.0,1167880.0
2009,Capital Federal,3441000,41240,475950.0,2140000.0,0.0,0.0,0,0.0,0.0,6098190.0
2009,Buenos Aires,845260,69358,1011700.0,1805000.0,0.0,370000.0,0,5700.0,0.0,4107018.0
2009,Catamarca,0,20870,16000.0,0.0,1000.0,0.0,0,0.0,0.0,37870.0
2009,Córdoba,190000,34417,358000.0,249000.0,935020.0,648000.0,0,0.0,0.0,2414437.0
2009,Corrientes,0,33275,17300.0,0.0,1550000.0,0.0,0,0.0,0.0,1600575.0
2009,Chaco,0,51224,0.0,0.0,0.0,0.0,0,0.0,0.0,51224.0
2009,Chubut,173020,36066,122500.0,0.0,532705.0,0.0,0,17527.0,0.0,881818.0
2009,Entre Ríos,0,5895,81780.0,0.0,945000.0,0.0,0,0.0,0.0,1032675.0
2009,Formosa,0,35343,17300.0,0.0,0.0,0.0,0,0.0,0.0,52643.0
2009,Jujuy,0,22255,65600.0,0.0,37781.0,0.0,0,2.0,26.0,125664.0
2009,La Pampa,0,2952,0.0,0.0,70000.0,0.0,0,1800.0,0.0,74752.0
2009,La Rioja,0,45564,46600.0,0.0,0.0,0.0,0,0.0,0.0,92164.0
2009,Mendoza,379300,5978,68400.0,120000.0,850490.0,0.0,0,0.0,0.0,1424168.0
2009,Misiones,0,7212,39750.0,0.0,121280.0,0.0,0,0.0,0.0,168242.0
2009,Neuquén,751200,31382,460000.0,0.0,4243095.0,0.0,0,400.0,0.0,5486077.0
2009,Rio Negro,0,29934,134220.0,0.0,308695.0,0.0,0,0.0,0.0,472849.0
2009,Salta,643000,37510,138600.0,245000.0,127060.0,0.0,0,0.0,0.0,1191170.0
2009,San Juan,0,15849,31500.0,0.0,223182.0,0.0,0,0.0,0.0,270531.0
2009,San Luis,0,0,0.0,0.0,0.0,0.0,0,0.0,0.0,0.0
2009,Santa Cruz,0,62920,156910.0,0.0,0.0,0.0,0,2400.0,0.0,222230.0
2009,Santa Fé,0,60905,560900.0,494000.0,0.0,0.0,0,0.0,0.0,1115805.0
2009,Santiago del Estero,0,50065,32000.0,0.0,21500.0,0.0,0,0.0,0.0,103565.0
2009,Tierra del Fuego,0,6002,130638.0,0.0,0.0,0.0,0,0.0,0.0,136640.0
2009,Tucumán,834620,10396,267000.0,0.0,57534.0,0.0,0,0.0,0.0,1169550.0
2010,Capital Federal,3441000,41240,475950.0,2140000.0,0.0,0.0,0,0.0,0.0,6098190.0
2010,Buenos Aires,1693260,86358,463000.0,1536000.0,0.0,370000.0,0,5700.0,0.0,4154318.0
2010,Catamarca,0,20870,0.0,0.0,1000.0,0.0,0,0.0,0.0,21870.0
2010,Córdoba,190000,49917,748000.0,249000.0,935020.0,648000.0,0,0.0,0.0,2819937.0
2010,Corrientes,0,48275,17300.0,0.0,1550000.0,0.0,0,0.0,0.0,1615575.0
2010,Chaco,0,83378,0.0,0.0,0.0,0.0,0,0.0,0.0,83378.0
2010,Chubut,186720,36066,122500.0,0.0,532705.0,0.0,0,17527.0,0.0,895518.0
2010,Entre Ríos,0,5895,81780.0,0.0,945000.0,0.0,0,0.0,0.0,1032675.0
2010,Formosa,0,58866,17300.0,0.0,0.0,0.0,0,0.0,0.0,76166.0
2010,Jujuy,0,27150,65600.0,0.0,37781.0,0.0,0,2.0,26.0,130559.0
2010,La Pampa,0,2714,0.0,0.0,70000.0,0.0,0,1800.0,0.0,74514.0
2010,La Rioja,0,58268,46600.0,0.0,0.0,0.0,0,0.0,0.0,104868.0
2010,Mendoza,379300,5635,68400.0,120000.0,850490.0,0.0,0,0.0,0.0,1423825.0
2010,Misiones,0,33298,39750.0,0.0,121280.0,0.0,0,0.0,0.0,194328.0
2010,Neuquén,751200,62606,460000.0,0.0,4243095.0,0.0,0,400.0,0.0,5517301.0
2010,Rio Negro,0,30425,134220.0,0.0,308695.0,0.0,0,0.0,0.0,473340.0
2010,Salta,643000,66355,138600.0,261000.0,127060.0,0.0,0,0.0,0.0,1236015.0
2010,San Juan,0,9374,31500.0,0.0,224105.0,0.0,0,0.0,0.0,264979.0
2010,San Luis,0,0,0.0,0.0,0.0,0.0,0,0.0,0.0,0.0
2010,Santa Cruz,0,76272,160910.0,0.0,0.0,0.0,0,2400.0,0.0,239582.0
2010,Santa Fé,849000,60905,7500.0,226000.0,0.0,0.0,0,0.0,0.0,1143405.0
2010,Santiago del Estero,0,35374,32000.0,0.0,21500.0,0.0,0,0.0,0.0,88874.0
2010,Tierra del Fuego,0,20482,130638.0,0.0,0.0,0.0,0,0.0,0.0,151120.0
2010,Tucumán,834620,10396,267000.0,0.0,57534.0,0.0,0,0.0,0.0,1169550.0
2011,Capital Federal,3441000,41240,475950.0,2140000.0,0.0,0.0,0,0.0,0.0,6098190.0
2011,Buenos Aires,1693260,185122,618100.0,1543000.0,0.0,370000.0,0,5950.0,0.0,4415432.0
2011,Catamarca,0,28320,0.0,0.0,1000.0,0.0,0,0.0,0.0,29320.0
2011,Córdoba,190000,55517,756000.0,404000.0,935020.0,648000.0,0,0.0,0.0,2988537.0
2011,Corrientes,0,85775,17300.0,0.0,1550000.0,0.0,0,0.0,0.0,1653075.0
2011,Chaco,0,83378,0.0,0.0,0.0,0.0,0,0.0,0.0,83378.0
2011,Chubut,186720,36066,122500.0,0.0,532705.0,0.0,0,23827.0,0.0,901818.0
2011,Entre Ríos,0,10000,81780.0,0.0,945000.0,0.0,0,0.0,0.0,1036780.0
2011,Formosa,0,59602,17300.0,0.0,0.0,0.0,0,0.0,0.0,76902.0
2011,Jujuy,0,39325,40300.0,0.0,37781.0,0.0,0,2.0,26.0,117434.0
2011,La Pampa,0,26714,0.0,0.0,70000.0,0.0,0,1800.0,0.0,98514.0
2011,La Rioja,0,59068,46600.0,0.0,0.0,0.0,0,25200.0,0.0,130868.0
2011,Mendoza,379300,5635,68400.0,120000.0,850490.0,0.0,0,0.0,0.0,1423825.0
2011,Misiones,0,48298,39750.0,0.0,121280.0,0.0,0,0.0,0.0,209328.0
2011,Neuquén,1291200,65709,85000.0,0.0,4243095.0,0.0,0,400.0,0.0,5685404.0
2011,Rio Negro,0,54376,134220.0,0.0,308695.0,0.0,0,0.0,0.0,497291.0
2011,Salta,643000,82416,138600.0,261000.0,127060.0,0.0,0,0.0,0.0,1252076.0
2011,San Juan,0,9374,31500.0,0.0,224002.0,0.0,0,0.0,1200.0,266076.0
2011,San Luis,0,0,0.0,0.0,0.0,0.0,0,0.0,0.0,0.0
2011,Santa Cruz,0,76272,160910.0,0.0,0.0,0.0,0,2400.0,0.0,239582.0
2011,Santa Fé,849000,60905,7500.0,226000.0,0.0,0.0,0,0.0,0.0,1143405.0
2011,Santiago del Estero,0,44138,32000.0,0.0,21500.0,0.0,0,0.0,0.0,97638.0
2011,Tierra del Fuego,0,22817,131038.0,0.0,0.0,0.0,0,0.0,0.0,153855.0
2011,Tucumán,834620,10396,367000.0,0.0,57534.0,0.0,0,0.0,0.0,1269550.0
2012,Capital Federal,3441000,107840,1042950.0,2140000.0,0.0,0.0,0,0.0,0.0,6731790.0
2012,Buenos Aires,1693260,205120,618100.0,1519200.0,,370000.0,0,5950.0,0.0,4411630.0
2012,Catamarca,0,95320,,,1000.0,,0,0.0,0.0,96320.0
2012,Córdoba,657000,79597,444000.0,249000.0,935020.0,648000.0,0,0.0,0.0,3012617.0
2012,Corrientes,0,84375,17300.0,,1550000.0,0.0,0,0.0,0.0,1651675.0
2012,Chaco,0,90778,,,,0.0,0,0.0,0.0,90778.0
2012,Chubut,186720,36066,122500.0,,532705.0,0.0,0,101227.0,0.0,979218.0
2012,Entre Ríos,0,10000,81780.0,,945000.0,0.0,0,0.0,0.0,1036780.0
2012,Formosa,0,65602,17300.0,,,0.0,0,0.0,0.0,82902.0
2012,Jujuy,0,38751,40300.0,,37781.0,0.0,0,2.0,26.0,116860.0
2012,La Pampa,0,26714,,,70000.0,0.0,0,1800.0,0.0,98514.0
2012,La Rioja,0,59068,46600.0,,,0.0,0,25200.0,0.0,130868.0
2012,Mendoza,379300,5635,68400.0,120000.0,850490.0,0.0,0,0.0,0.0,1423825.0
2012,Misiones,0,47714,39750.0,,121280.0,0.0,0,0.0,0.0,208744.0
2012,Neuquén,1291200,65709,85000.0,,4243095.0,0.0,0,400.0,0.0,5685404.0
2012,Rio Negro,0,50296,138920.0,,315755.0,0.0,0,0.0,0.0,504971.0
2012,Salta,643000,97086,138600.0,261000.0,127060.0,0.0,0,0.0,0.0,1266746.0
2012,San Juan,0,9374,31500.0,,224002.0,0.0,0,0.0,6200.0,271076.0
2012,San Luis,0,0,0.0,0.0,0.0,0.0,0,0.0,0.0,0.0
2012,Santa Cruz,0,76272,160910.0,0.0,0.0,0.0,0,2400.0,0.0,239582.0
2012,Santa Fé,849000,78905,287500.0,226000.0,0.0,0.0,0,0.0,0.0,1441405.0
2012,Santiago del Estero,0,47545,32000.0,0.0,21500.0,0.0,0,0.0,0.0,101045.0
2012,Tierra del Fuego,0,22817,131038.0,0.0,0.0,0.0,0,0.0,0.0,153855.0
2012,Tucumán,834620,10396,367000.0,0.0,57534.0,0.0,0,0.0,0.0,1269550.0
